average_time,weiht,appearances_counts,height,assist_num,num,goal_num,birth,appearance_time,name,img,is_star,team,position
22,73kg,1,1.77m,0,21号,0,1993/11/15,22,迪巴拉,http://p1.img.cctvpic.com/sports/data/playerImageB/256219.png,0,阿根廷,前锋
44,75kg,3,1.84m,0,9号,0,1987/12/10,132,伊瓜因,http://p1.img.cctvpic.com/sports/data/playerImageB/19438.png,0,阿根廷,前锋
51.75,76kg,4,1.8m,0,13号,0,1992/12/15,207,梅萨,http://p1.img.cctvpic.com/sports/data/playerImageB/340897.png,0,阿根廷,中场
0,66kg,0,1.67m,0,15号,0,1993/2/15,0,兰基尼,http://p1.img.cctvpic.com/sports/data/playerImageB/220315.png,0,阿根廷,中场
72,73kg,3,1.75m,2,7号,0,1988/6/29,216,巴内加,http://p1.img.cctvpic.com/sports/data/playerImageB/31981.png,0,阿根廷,中场
38.25,65kg,4,1.69m,1,22号,0,1996/1/21,153,帕文,http://p1.img.cctvpic.com/sports/data/playerImageB/358956.png,0,阿根廷,中场
79,75kg,3,1.78m,0,11号,1,1988/2/14,237,迪马利亚,http://p1.img.cctvpic.com/sports/data/playerImageB/30027.png,0,阿根廷,中场
54,73kg,1,1.75m,0,5号,0,1986/1/30,54,比利亚,http://p1.img.cctvpic.com/sports/data/playerImageB/17799.png,0,阿根廷,中场
0,75kg,0,1.77m,0,20号,0,1996/4/9,0,洛塞尔索,http://p1.img.cctvpic.com/sports/data/playerImageB/858082.png,0,阿根廷,中场
90,81kg,4,1.81m,0,17号,0,1988/2/12,360,奥塔门迪,http://p1.img.cctvpic.com/sports/data/playerImageB/74915.png,0,阿根廷,后卫
75,82kg,3,1.89m,1,16号,1,1990/3/20,225,罗霍,http://p1.img.cctvpic.com/sports/data/playerImageB/46998.png,0,阿根廷,后卫
73,69kg,2,1.67m,0,18号,0,1990/7/13,146,萨尔维奥,http://p1.img.cctvpic.com/sports/data/playerImageB/47334.png,0,阿根廷,后卫
0,73kg,0,1.81m,0,4号,0,1986/9/20,0,安萨尔迪,http://p1.img.cctvpic.com/sports/data/playerImageB/43476.png,0,阿根廷,后卫
87.5,65kg,4,1.69m,0,3号,0,1992/8/31,350,塔利亚菲科,http://p1.img.cctvpic.com/sports/data/playerImageB/158243.png,0,阿根廷,后卫
45,85kg,1,1.99m,0,6号,0,1987/3/17,45,法齐奥,http://p1.img.cctvpic.com/sports/data/playerImageB/27569.png,0,阿根廷,后卫
90,77kg,1,1.72m,0,8号,0,1991/10/28,90,阿库尼亚,http://p1.img.cctvpic.com/sports/data/playerImageB/578560.png,0,阿根廷,后卫
90,81kg,3,1.81m,0,2号,1,1987/3/18,270,梅尔卡多,http://p1.img.cctvpic.com/sports/data/playerImageB/128376.png,0,阿根廷,后卫
90,73kg,4,1.74m,0,14号,0,1984/6/8,360,马斯切拉诺,http://p1.img.cctvpic.com/sports/data/playerImageB/11378.png,0,阿根廷,后卫
90,80kg,2,1.86m,0,23号,0,1981/9/28,180,卡巴列罗,http://p1.img.cctvpic.com/sports/data/playerImageB/52741.png,0,阿根廷,守门员
0,90kg,0,1.92m,0,1号,0,1986/2/10,0,古兹曼,http://p1.img.cctvpic.com/sports/data/playerImageB/106382.png,0,阿根廷,守门员
90,85kg,2,1.89m,0,12号,0,1986/10/16,180,阿尔玛尼,http://p1.img.cctvpic.com/sports/data/playerImageB/221140.png,0,阿根廷,守门员
90,72公斤,4,1.7米,2,10号,1,1987年6月24日,360,梅西,http://p1.img.cctvpic.com/photoAlbum/page/performance/img/2018/5/23/1527043278217_70.jpg,1,阿根廷,前锋
44.5,74公斤,4,1.72米,0,19号,2,1988年6月2日,178,阿奎罗,http://p1.img.cctvpic.com/photoAlbum/page/performance/img/2018/6/1/1527839142888_868.jpg,1,阿根廷,前锋
14.67,76kg,3,1.82m,0,11号,0,1994/4/13,44,卡赫拉巴,http://p1.img.cctvpic.com/sports/data/playerImageB/333439.png,0,埃及,前锋
69.67,81kg,3,1.85m,0,9号,0,1989/2/26,209,穆赫辛,http://p1.img.cctvpic.com/sports/data/playerImageB/243915.png,0,埃及,前锋
51,77kg,3,1.79m,0,22号,0,1993/9/17,153,瓦尔达,http://p1.img.cctvpic.com/sports/data/playerImageB/885102.png,0,埃及,前锋
0,80kg,0,1.83m,0,18号,0,1986/3/5,0,希卡巴拉,http://p1.img.cctvpic.com/sports/data/playerImageB/105394.png,0,埃及,前锋
18.67,77kg,3,1.83m,0,14号,0,1997/1/23,56,苏卜希,http://p1.img.cctvpic.com/sports/data/playerImageB/1010937.png,0,埃及,前锋
79.67,77kg,3,1.81m,0,21号,0,1994/10/1,239,特雷泽盖,http://p1.img.cctvpic.com/sports/data/playerImageB/295361.png,0,埃及,中场
76.67,67kg,3,1.69m,0,8号,0,1988/10/24,230,哈米德,http://p1.img.cctvpic.com/sports/data/playerImageB/560168.png,0,埃及,中场
75,75kg,3,1.76m,1,19号,0,1985/7/13,225,赛义德,http://p1.img.cctvpic.com/sports/data/playerImageB/198472.png,0,埃及,中场
0,71kg,0,1.75m,0,4号,0,1992/1/30,0,贾贝尔,http://p1.img.cctvpic.com/sports/data/playerImageB/159677.png,0,埃及,中场
40,75kg,1,1.73m,0,5号,0,1991/9/10,40,穆尔西,http://p1.img.cctvpic.com/sports/data/playerImageB/108515.png,0,埃及,中场
81.33,74kg,3,1.81m,0,17号,0,1992/7/11,244,埃尔耐尼,http://p1.img.cctvpic.com/sports/data/playerImageB/159675.png,0,埃及,中场
90,88kg,3,1.91m,0,2号,0,1989/1/1,270,贾布尔,http://p1.img.cctvpic.com/sports/data/playerImageB/560164.png,0,埃及,后卫
90,95kg,3,1.94m,0,6号,0,1991/1/25,270,赫加齐,http://p1.img.cctvpic.com/sports/data/playerImageB/159653.png,0,埃及,后卫
90,76kg,3,1.76m,0,7号,0,1984/11/10,270,法特希,http://p1.img.cctvpic.com/sports/data/playerImageB/14407.png,0,埃及,后卫
0,72kg,0,1.73m,0,15号,0,1995/6/1,0,马哈茂德·哈姆迪,http://p1.img.cctvpic.com/sports/data/playerImageB/1404523.png,0,埃及,后卫
0,76kg,0,1.83m,0,3号,0,1987/9/9,0,埃尔穆罕默迪,http://p1.img.cctvpic.com/sports/data/playerImageB/32787.png,0,埃及,后卫
0,82kg,0,1.83m,0,20号,0,1989/4/1,0,萨米尔,http://p1.img.cctvpic.com/sports/data/playerImageB/244359.png,0,埃及,后卫
0,73kg,0,1.76m,0,12号,0,1991/4/9,0,阿什拉夫,http://p1.img.cctvpic.com/sports/data/playerImageB/159647.png,0,埃及,后卫
90,72kg,3,1.71m,0,13号,0,1985/7/1,270,阿卜杜勒-沙菲,http://p1.img.cctvpic.com/sports/data/playerImageB/105407.png,0,埃及,后卫
90,90kg,1,1.9m,0,1号,0,1973/1/15,90,哈达里,http://p1.img.cctvpic.com/sports/data/playerImageB/14397.png,0,埃及,守门员
90,86kg,2,1.91m,0,23号,0,1988/12/18,180,希纳维,http://p1.img.cctvpic.com/sports/data/playerImageB/1426753.png,0,埃及,守门员
0,93kg,0,1.93m,0,16号,0,1983/7/10,0,埃克拉米,http://p1.img.cctvpic.com/sports/data/playerImageB/10085.png,0,埃及,守门员
90,71公斤,2,1.75米,0,10号,2,1992年6月15日,180,萨拉赫,http://p1.img.cctvpic.com/photoAlbum/page/performance/img/2018/6/1/1527838592423_555.jpg,1,埃及,前锋
0,72kg,0,1.78m,0,14号,0,1993/7/29,0,杰米·麦克拉伦,http://p1.img.cctvpic.com/sports/data/playerImageB/333143.png,0,澳大利亚,前锋
20,73kg,3,1.71m,0,17号,0,1999/1/4,60,丹尼尔·阿尔扎尼,http://p1.img.cctvpic.com/sports/data/playerImageB/772889.png,0,澳大利亚,前锋
70,66kg,3,1.8m,0,10号,0,1988/10/5,210,克鲁泽,http://p1.img.cctvpic.com/sports/data/playerImageB/24743.png,0,澳大利亚,前锋
69.5,85kg,2,1.78m,0,11号,0,1992/12/17,139,安德鲁·阿尔伯特,http://p1.img.cctvpic.com/sports/data/playerImageB/283069.png,0,澳大利亚,前锋
0,72kg,0,1.76m,0,21号,0,1992/11/10,0,佩特拉托斯,http://p1.img.cctvpic.com/sports/data/playerImageB/139782.png,0,澳大利亚,前锋
31.33,80kg,3,1.9m,0,9号,0,1991/7/22,94,尤里奇,http://p1.img.cctvpic.com/sports/data/playerImageB/127712.png,0,澳大利亚,前锋
90,84kg,3,1.81m,0,7号,0,1991/2/4,270,莱基,http://p1.img.cctvpic.com/sports/data/playerImageB/122570.png,0,澳大利亚,前锋
75.33,80kg,3,1.89m,0,23号,0,1992/12/16,226,汤姆·罗吉奇,http://p1.img.cctvpic.com/sports/data/playerImageB/277463.png,0,澳大利亚,中场
37,76kg,1,1.8m,0,4号,0,1979/12/6,37,卡希尔,http://p1.img.cctvpic.com/sports/data/playerImageB/1158.png,0,澳大利亚,前锋
90,78kg,3,1.88m,0,15号,2,1984/8/3,270,耶迪纳克,http://p1.img.cctvpic.com/sports/data/playerImageB/24685.png,0,澳大利亚,中场
90,72kg,3,1.73m,0,13号,0,1990/9/15,270,莫伊,http://p1.img.cctvpic.com/sports/data/playerImageB/104813.png,0,澳大利亚,中场
0,76kg,0,1.76m,0,8号,0,1992/9/25,0,卢恩戈,http://p1.img.cctvpic.com/sports/data/playerImageB/204300.png,0,澳大利亚,中场
0,71kg,0,1.79m,0,3号,0,1988/4/5,0,詹姆斯·梅雷迪斯,http://p1.img.cctvpic.com/sports/data/playerImageB/21397.png,0,澳大利亚,后卫
14.67,77kg,3,1.8m,0,22号,0,1993/3/7,44,杰克逊·欧文,http://p1.img.cctvpic.com/sports/data/playerImageB/181581.png,0,澳大利亚,中场
0,85kg,0,1.87m,0,2号,0,1994/4/28,0,德格内克,http://p1.img.cctvpic.com/sports/data/playerImageB/155961.png,0,澳大利亚,后卫
90,78kg,3,1.78m,0,5号,0,1985/8/4,270,米利甘,http://p1.img.cctvpic.com/sports/data/playerImageB/15454.png,0,澳大利亚,后卫
90,63kg,3,1.7m,0,16号,0,1990/12/16,270,贝西克,http://p1.img.cctvpic.com/sports/data/playerImageB/134052.png,0,澳大利亚,后卫
0,84kg,0,1.9m,0,6号,0,1989/12/8,0,祖曼,http://p1.img.cctvpic.com/sports/data/playerImageB/122380.png,0,澳大利亚,后卫
90,76kg,3,1.83m,0,20号,0,1992/1/5,270,塞恩斯伯里,http://p1.img.cctvpic.com/sports/data/playerImageB/137916.png,0,澳大利亚,后卫
0,87kg,0,1.93m,0,12号,0,1982/3/19,0,琼斯,http://p1.img.cctvpic.com/sports/data/playerImageB/819.png,0,澳大利亚,守门员
90,70kg,3,1.69m,0,19号,0,1992/7/27,270,里斯登,http://p1.img.cctvpic.com/sports/data/playerImageB/136913.png,0,澳大利亚,后卫
0,94kg,0,1.87m,0,18号,0,1985/3/27,0,武科维奇,http://p1.img.cctvpic.com/sports/data/playerImageB/24676.png,0,澳大利亚,守门员
90,82kg,3,1.84m,0,1号,0,1992/4/8,270,瑞恩,http://p1.img.cctvpic.com/sports/data/playerImageB/134029.png,0,澳大利亚,守门员
82,83kg,2,1.87m,0,7号,0,1981/3/13,164,佩雷斯,http://p1.img.cctvpic.com/sports/data/playerImageB/47032.png,0,巴拿马,前锋
15,82kg,2,1.83m,0,16号,0,1993/12/13,30,阿罗约,http://p1.img.cctvpic.com/sports/data/playerImageB/341179.png,0,巴拿马,前锋
27,72kg,1,1.81m,0,10号,0,1997/5/12,27,迪亚斯,http://p1.img.cctvpic.com/sports/data/playerImageB/270311.png,0,巴拿马,前锋
36,77kg,2,1.8m,0,9号,0,1988/10/31,72,托雷斯,http://p1.img.cctvpic.com/sports/data/playerImageB/13870.png,0,巴拿马,前锋
74,72kg,3,1.75m,0,8号,0,1993/10/23,222,巴塞纳斯,http://p1.img.cctvpic.com/sports/data/playerImageB/341199.png,0,巴拿马,中场
80.67,82kg,3,1.83m,0,20号,0,1990/2/10,242,戈多伊,http://p1.img.cctvpic.com/sports/data/playerImageB/156102.png,0,巴拿马,中场
0,80kg,0,1.89m,0,14号,0,1991/5/30,0,皮蒙特尔,http://p1.img.cctvpic.com/sports/data/playerImageB/856252.png,0,巴拿马,中场
25,87kg,2,1.83m,0,18号,0,1982/3/28,50,特哈达,http://p1.img.cctvpic.com/sports/data/playerImageB/11583.png,0,巴拿马,前锋
0,62kg,0,1.65m,0,19号,0,1987/12/18,0,金特罗,http://p1.img.cctvpic.com/sports/data/playerImageB/83951.png,0,巴拿马,中场
90,82kg,3,1.82m,0,4号,0,1995/1/9,270,埃斯科瓦尔,http://p1.img.cctvpic.com/sports/data/playerImageB/792377.png,0,巴拿马,后卫
83,82kg,3,1.83m,0,6号,0,1984/5/29,249,戈麦斯,http://p1.img.cctvpic.com/sports/data/playerImageB/12502.png,0,巴拿马,中场
81,77kg,3,1.8m,0,21号,0,1998/6/19,243,罗德里格斯,http://p1.img.cctvpic.com/sports/data/playerImageB/1004445.png,0,巴拿马,中场
90,72kg,2,1.73m,0,11号,0,1987/11/26,180,库珀,http://p1.img.cctvpic.com/sports/data/playerImageB/156098.png,0,巴拿马,中场
90,78kg,2,1.83m,0,2号,0,1996/2/11,180,穆里略,http://p1.img.cctvpic.com/sports/data/playerImageB/792373.png,0,巴拿马,后卫
90,75kg,1,1.78m,0,17号,0,1988/9/7,90,奥巴勒,http://p1.img.cctvpic.com/sports/data/playerImageB/285729.png,0,巴拿马,后卫
45,92kg,1,1.83m,0,3号,0,1992/3/1,45,库明斯,http://p1.img.cctvpic.com/sports/data/playerImageB/156100.png,0,巴拿马,后卫
90,78kg,1,1.82m,0,13号,0,1985/2/14,90,马查多,http://p1.img.cctvpic.com/sports/data/playerImageB/156097.png,0,巴拿马,后卫
78.67,99kg,3,1.88m,0,5号,0,1986/3/20,236,托雷斯,http://p1.img.cctvpic.com/sports/data/playerImageB/11573.png,0,巴拿马,后卫
90,81kg,2,1.8m,0,15号,0,1991/3/31,180,达维斯,http://p1.img.cctvpic.com/sports/data/playerImageB/159935.png,0,巴拿马,后卫
0,83kg,0,1.97m,0,22号,0,1990/8/5,0,罗德里格斯,http://p1.img.cctvpic.com/sports/data/playerImageB/252765.png,0,巴拿马,守门员
21,87kg,1,1.85m,1,23号,1,1981/2/24,21,巴洛伊,http://p1.img.cctvpic.com/sports/data/playerImageB/11570.png,0,巴拿马,后卫
90,70kg,3,1.83m,0,1号,0,1981/9/26,270,佩内多,http://p1.img.cctvpic.com/sports/data/playerImageB/11566.png,0,巴拿马,守门员
0,87kg,0,1.87m,0,12号,0,1985/8/14,0,卡尔德龙,http://p1.img.cctvpic.com/sports/data/playerImageB/11577.png,0,巴拿马,守门员
38.5,70kg,2,1.82m,1,7号,0,1990/9/14,77,道格拉斯·科斯塔,http://p1.img.cctvpic.com/sports/data/playerImageB/47908.png,0,巴西,前锋
81.4,73kg,5,1.75m,1,9号,0,1997/4/3,407,热苏斯,http://p1.img.cctvpic.com/sports/data/playerImageB/835751.png,0,巴西,前锋
0,64kg,0,1.72m,0,21号,0,1988/1/13,0,泰森,http://p1.img.cctvpic.com/sports/data/playerImageB/39661.png,0,巴西,前锋
20.5,76kg,4,1.81m,0,20号,1,1991/10/2,82,菲尔米诺,http://p1.img.cctvpic.com/sports/data/playerImageB/143697.png,0,巴西,前锋
16.67,86kg,3,1.86m,0,8号,1,1988/2/8,50,奥古斯托,http://p1.img.cctvpic.com/sports/data/playerImageB/34152.png,0,巴西,中场
72,77kg,5,1.75m,1,19号,0,1988/8/9,360,威廉,http://p1.img.cctvpic.com/sports/data/playerImageB/31417.png,0,巴西,中场
38.5,67kg,4,1.79m,0,17号,0,1985/5/4,154,费尔南迪尼奥,http://p1.img.cctvpic.com/sports/data/playerImageB/13630.png,0,巴西,中场
82.5,84kg,4,1.85m,0,5号,0,1992/2/23,330,卡塞米罗,http://p1.img.cctvpic.com/sports/data/playerImageB/122951.png,0,巴西,中场
85,73kg,2,1.82m,0,6号,0,1985/8/9,170,菲利佩·路易斯,http://p1.img.cctvpic.com/sports/data/playerImageB/26029.png,0,巴西,后卫
87.2,68kg,5,1.72m,2,11号,2,1992/6/12,436,库蒂尼奥,http://p1.img.cctvpic.com/sports/data/playerImageB/119159.png,0,巴西,中场
70.8,81kg,5,1.81m,0,15号,1,1988/7/25,354,保利尼奥,http://p1.img.cctvpic.com/sports/data/playerImageB/115183.png,0,巴西,中场
90,79kg,5,1.83m,0,2号,1,1984/9/22,450,席尔瓦,http://p1.img.cctvpic.com/sports/data/playerImageB/33541.png,0,巴西,后卫
0,64kg,0,1.69m,0,18号,0,1993/3/5,0,弗雷德,http://p1.img.cctvpic.com/sports/data/playerImageB/243623.png,0,巴西,中场
0,75kg,0,1.83m,0,13号,0,1994/5/14,0,马奎尼奥斯,http://p1.img.cctvpic.com/sports/data/playerImageB/155995.png,0,巴西,后卫
70,80kg,4,1.74m,0,12号,0,1988/5/12,280,马塞洛,http://p1.img.cctvpic.com/sports/data/playerImageB/17787.png,0,巴西,后卫
90,78kg,1,1.84m,0,14号,0,1991/7/15,90,达尼洛,http://p1.img.cctvpic.com/sports/data/playerImageB/124992.png,0,巴西,后卫
0,92kg,0,1.95m,0,16号,0,1987/6/6,0,拉莫斯,http://p1.img.cctvpic.com/sports/data/playerImageB/27756.png,0,巴西,守门员
90,67kg,4,1.68m,0,22号,0,1989/6/11,360,法格纳,http://p1.img.cctvpic.com/sports/data/playerImageB/25554.png,0,巴西,后卫
0,84kg,0,1.9m,0,4号,0,1985/9/21,0,杰罗梅尔,http://p1.img.cctvpic.com/sports/data/playerImageB/13338.png,0,巴西,后卫
90,78kg,5,1.86m,0,3号,0,1984/9/7,450,米兰达,http://p1.img.cctvpic.com/sports/data/playerImageB/13017.png,0,巴西,后卫
90,91kg,5,1.93m,0,1号,0,1992/10/2,450,埃里森,http://p1.img.cctvpic.com/sports/data/playerImageB/243609.png,0,巴西,守门员
0,86kg,0,1.88m,0,23号,0,1993/8/17,0,埃德森,http://p1.img.cctvpic.com/sports/data/playerImageB/254491.png,0,巴西,守门员
90,68公斤,5,1.75米,1,10号,2,1992年2月5日,450,内马尔,http://p1.img.cctvpic.com/photoAlbum/page/performance/img/2018/6/1/1527831600461_13.jpg,1,巴西,前锋
65.4,85kg,5,1.87m,1,22号,1,1989/8/2,327,沙德利,http://p1.img.cctvpic.com/sports/data/playerImageB/32492.png,0,比利时,中场
0,70kg,0,1.83m,0,4号,0,1985/8/5,0,希曼,http://p1.img.cctvpic.com/sports/data/playerImageB/6135.png,0,比利时,后卫
75.2,85kg,5,1.9m,0,4号,0,1986/4/10,376,孔帕尼,http://p1.img.cctvpic.com/sports/data/playerImageB/6019.png,0,比利时,后卫
90,81kg,6,1.86m,1,2号,0,1989/3/2,540,阿尔德韦雷尔德,http://p1.img.cctvpic.com/sports/data/playerImageB/44575.png,0,比利时,后卫
63.2,85kg,5,1.94m,0,8号,1,1987/11/22,316,费莱尼,http://p1.img.cctvpic.com/sports/data/playerImageB/21764.png,0,比利时,中场
44,80kg,3,1.83m,0,3号,0,1985/11/14,132,维尔马伦,http://ps1.img.cctvpic.com/sports/data/playerImageB/1954.png,0,比利时,后卫
79.33,94kg,6,1.9m,1,9号,4,1993/5/13,476,卢卡库,http://p1.img.cctvpic.com/sports/data/playerImageB/78893.png,0,比利时,前锋
86,75kg,1,1.8m,0,18号,1,1995/2/5,86,亚努扎伊,http://p1.img.cctvpic.com/sports/data/playerImageB/328145.png,0,比利时,前锋
49.67,61kg,6,1.69m,1,14号,1,1987/5/6,298,默滕斯,http://p1.img.cctvpic.com/sports/data/playerImageB/32493.png,0,比利时,前锋
86.33,74kg,6,1.73m,2,10号,3,1991/1/7,518,阿扎尔,http://p1.img.cctvpic.com/sports/data/playerImageB/27583.png,0,比利时,前锋
56,78kg,2,1.85m,0,21号,1,1993/10/2,112,巴楚瓦伊,http://p1.img.cctvpic.com/sports/data/playerImageB/147745.png,0,比利时,前锋
44.25,82kg,4,1.85m,0,19号,0,1987/7/16,177,登贝莱,http://p1.img.cctvpic.com/sports/data/playerImageB/9865.png,0,比利时,中场
48.5,70kg,2,1.74m,0,16号,0,1993/3/29,97,小阿扎尔,http://p1.img.cctvpic.com/sports/data/playerImageB/94286.png,0,比利时,中场
90,73kg,6,1.86m,0,6号,0,1989/1/12,540,维特塞尔,http://p1.img.cctvpic.com/sports/data/playerImageB/35612.png,0,比利时,中场
44,72kg,4,1.76m,2,17号,0,1997/5/7,176,蒂耶勒曼,http://p1.img.cctvpic.com/sports/data/playerImageB/331737.png,0,比利时,中场
90,76kg,1,1.88m,0,23号,0,1995/4/15,90,当东克尔,http://p1.img.cctvpic.com/sports/data/playerImageB/190405.png,0,比利时,后卫
90,86kg,6,1.89m,0,5号,1,1987/4/24,540,费尔通亨,http://p1.img.cctvpic.com/sports/data/playerImageB/16921.png,0,比利时,后卫
90,88kg,5,1.9m,2,15号,1,1991/9/12,450,默尼耶,http://p1.img.cctvpic.com/sports/data/playerImageB/128587.png,0,比利时,后卫
90,84kg,3,1.88m,0,20号,0,1990/11/28,270,博亚塔,http://p1.img.cctvpic.com/sports/data/playerImageB/103928.png,0,比利时,后卫
0,86kg,0,1.97m,0,13号,0,1992/6/25,0,卡斯特尔斯,http://p1.img.cctvpic.com/sports/data/playerImageB/70987.png,0,比利时,守门员
90,91kg,7,1.99m,0,1号,0,1992/5/11,630,库尔图瓦,http://p1.img.cctvpic.com/sports/data/playerImageB/70988.png,0,比利时,守门员
59.75,67kg,4,1.8m,0,11号,0,1993/9/4,239,卡拉斯科,http://p1.img.cctvpic.com/sports/data/playerImageB/182001.png,0,比利时,中场
0,87kg,0,1.93m,0,12号,0,1988/3/6,0,米尼奥莱,http://p1.img.cctvpic.com/sports/data/playerImageB/10406.png,0,比利时,守门员
90,70公斤,6,1.81米,2,7号,1,1991年6月28日,540,德布劳内,http://p1.img.cctvpic.com/photoAlbum/page/performance/img/2018/6/1/1527839316506_49.jpg,1,比利时,中场
71,89kg,1,1.89m,0,22号,0,1992/5/25,71,伯兹瓦尔松,http://p1.img.cctvpic.com/sports/data/playerImageB/66721.png,0,冰岛,前锋
13.33,85kg,3,1.87m,0,9号,0,1991/2/26,40,西古达森,http://p1.img.cctvpic.com/sports/data/playerImageB/48611.png,0,冰岛,前锋
0,73kg,0,1.83m,0,21号,0,1993/4/30,0,特勒伊斯塔松,http://p1.img.cctvpic.com/sports/data/playerImageB/94796.png,0,冰岛,中场
88,79kg,3,1.85m,0,11号,1,1989/2/1,264,芬博加松,http://p1.img.cctvpic.com/sports/data/playerImageB/64344.png,0,冰岛,前锋
76.5,77kg,2,1.79m,0,7号,0,1990/10/27,153,格维兹门松,http://p1.img.cctvpic.com/sports/data/playerImageB/49805.png,0,冰岛,中场
0,78kg,0,1.85m,0,3号,0,1996/2/22,0,弗里德约森,http://p1.img.cctvpic.com/sports/data/playerImageB/358204.png,0,冰岛,中场
5,80kg,1,1.77m,0,4号,0,1997/6/15,5,古德蒙德森,http://p1.img.cctvpic.com/sports/data/playerImageB/236298.png,0,冰岛,中场
90,86kg,2,1.86m,0,20号,0,1984/6/29,180,哈尔弗雷兹松,http://p1.img.cctvpic.com/sports/data/playerImageB/15046.png,0,冰岛,中场
84.33,86kg,3,1.81m,0,17号,0,1989/4/22,253,古恩纳尔松,http://p1.img.cctvpic.com/sports/data/playerImageB/30441.png,0,冰岛,中场
0,79kg,0,1.84m,0,16号,0,1983/4/1,0,斯库拉松,http://p1.img.cctvpic.com/sports/data/playerImageB/19739.png,0,冰岛,中场
90,77kg,3,1.83m,0,8号,0,1988/5/27,270,比亚尔纳松,http://p1.img.cctvpic.com/sports/data/playerImageB/13270.png,0,冰岛,中场
90,82kg,3,1.86m,0,10号,1,1989/9/8,270,西于尔兹松,http://p1.img.cctvpic.com/sports/data/playerImageB/43192.png,0,冰岛,中场
58.5,78kg,2,1.84m,0,19号,0,1988/2/25,117,吉斯拉松,http://p1.img.cctvpic.com/sports/data/playerImageB/13059.png,0,冰岛,中场
8.5,63kg,2,1.7m,0,23号,0,1987/5/14,17,斯库拉松,http://p1.img.cctvpic.com/sports/data/playerImageB/17083.png,0,冰岛,后卫
57.5,80kg,2,1.88m,0,5号,0,1993/8/5,115,因加松,http://p1.img.cctvpic.com/sports/data/playerImageB/120970.png,0,冰岛,后卫
90,85kg,3,1.91m,0,18号,0,1993/2/11,270,马格努松,http://p1.img.cctvpic.com/sports/data/playerImageB/94770.png,0,冰岛,后卫
90,82kg,2,1.91m,0,14号,0,1982/10/13,180,阿尔纳松,http://p1.img.cctvpic.com/sports/data/playerImageB/7149.png,0,冰岛,后卫
0,81kg,0,1.88m,0,15号,0,1990/8/6,0,埃约尔夫松,http://p1.img.cctvpic.com/sports/data/playerImageB/87501.png,0,冰岛,后卫
90,75kg,3,1.86m,0,2号,0,1984/11/11,270,塞瓦尔松,http://p1.img.cctvpic.com/sports/data/playerImageB/25685.png,0,冰岛,后卫
75,86kg,3,1.87m,0,6号,0,1986/6/19,225,西于尔兹松,http://p1.img.cctvpic.com/sports/data/playerImageB/22071.png,0,冰岛,后卫
90,88kg,3,1.93m,0,1号,0,1984/4/27,270,哈尔多松,http://p1.img.cctvpic.com/sports/data/playerImageB/64478.png,0,冰岛,守门员
0,92kg,0,1.98m,0,12号,0,1995/1/19,0,阿斯特施拉姆,http://p1.img.cctvpic.com/sports/data/playerImageB/286931.png,0,冰岛,守门员
0,76kg,0,1.86m,0,13号,0,1995/2/18,0,鲁纳尔松,http://p1.img.cctvpic.com/sports/data/playerImageB/187023.png,0,冰岛,守门员
14.5,78kg,2,1.85m,0,14号,0,1991/6/3,29,特奥多切克,http://p1.img.cctvpic.com/sports/data/playerImageB/133735.png,0,波兰,前锋
73,81kg,1,1.86m,0,7号,0,1994/2/28,73,米利克,http://p1.img.cctvpic.com/sports/data/playerImageB/161325.png,0,波兰,前锋
37,75kg,2,1.85m,0,23号,0,1997/3/14,74,科夫纳茨基,http://p1.img.cctvpic.com/sports/data/playerImageB/286103.png,0,波兰,前锋
90,83kg,3,1.86m,0,10号,1,1990/1/29,270,克里霍维亚克,http://p1.img.cctvpic.com/sports/data/playerImageB/76227.png,0,波兰,中场
90,73kg,2,1.73m,0,13号,0,1989/8/19,180,雷布斯,http://p1.img.cctvpic.com/sports/data/playerImageB/44987.png,0,波兰,中场
80,73kg,1,1.82m,1,21号,0,1993/1/29,80,库尔扎瓦,http://p1.img.cctvpic.com/sports/data/playerImageB/338363.png,0,波兰,中场
10,68kg,1,1.73m,0,17号,0,1985/2/19,10,佩什科,http://p1.img.cctvpic.com/sports/data/playerImageB/41330.png,0,波兰,中场
90,78kg,1,1.89m,0,3号,0,1987/11/4,90,延杰伊奇克,http://p1.img.cctvpic.com/sports/data/playerImageB/54429.png,0,波兰,后卫
90,66kg,2,1.72m,0,6号,0,1992/9/21,180,戈拉尔斯基,http://p1.img.cctvpic.com/sports/data/playerImageB/177179.png,0,波兰,中场
86.33,64kg,3,1.77m,0,19号,0,1994/5/20,259,杰林斯基,http://p1.img.cctvpic.com/sports/data/playerImageB/138605.png,0,波兰,中场
50,80kg,2,1.9m,0,15号,0,1988/2/3,100,格利克,http://p1.img.cctvpic.com/sports/data/playerImageB/45362.png,0,波兰,后卫
45,71kg,1,1.75m,0,16号,0,1985/12/14,45,库巴,http://p1.img.cctvpic.com/sports/data/playerImageB/18379.png,0,波兰,中场
0,73kg,0,1.76m,0,8号,0,1995/2/2,0,利内蒂,http://p1.img.cctvpic.com/sports/data/playerImageB/189135.png,0,波兰,中场
71,78kg,3,1.8m,1,11号,0,1988/6/8,213,格罗西茨基,http://p1.img.cctvpic.com/sports/data/playerImageB/33689.png,0,波兰,中场
90,81kg,1,1.84m,0,4号,0,1986/4/21,90,乔内克,http://p1.img.cctvpic.com/sports/data/playerImageB/44932.png,0,波兰,后卫
85,78kg,2,1.81m,0,2号,0,1987/9/21,170,帕兹丹,http://p1.img.cctvpic.com/sports/data/playerImageB/35605.png,0,波兰,后卫
75,77kg,3,1.89m,0,5号,1,1996/4/12,225,贝德纳雷克,http://p1.img.cctvpic.com/sports/data/playerImageB/286085.png,0,波兰,后卫
86.5,79kg,2,1.84m,0,20号,0,1985/6/3,173,皮什切克,http://p1.img.cctvpic.com/sports/data/playerImageB/24829.png,0,波兰,后卫
56.33,72kg,3,1.82m,0,18号,0,1992/7/12,169,贝雷申斯基,http://p1.img.cctvpic.com/sports/data/playerImageB/109461.png,0,波兰,后卫
90,83kg,1,1.9m,0,22号,0,1985/4/18,90,法比安斯基,http://p1.img.cctvpic.com/sports/data/playerImageB/15479.png,0,波兰,守门员
90,84kg,2,1.96m,0,1号,0,1990/4/18,180,什琴斯尼,http://p1.img.cctvpic.com/sports/data/playerImageB/50490.png,0,波兰,守门员
0,83kg,0,1.94m,0,12号,0,1987/7/6,0,比亚尔科夫斯基,http://p1.img.cctvpic.com/sports/data/playerImageB/14328.png,0,波兰,守门员
90,79公斤,3,1.85米,0,9号,0,1988年8月21日,270,莱万多夫斯基,http://p1.img.cctvpic.com/photoAlbum/page/performance/img/2018/6/1/1527838558706_297.jpg,1,波兰,前锋
30,80kg,1,1.81m,0,15号,0,1994/6/9,30,菲舍尔,http://p1.img.cctvpic.com/sports/data/playerImageB/94287.png,0,丹麦,前锋
62.25,73kg,4,1.8m,0,11号,0,1991/6/5,249,布雷思韦特,http://p1.img.cctvpic.com/sports/data/playerImageB/66471.png,0,丹麦,前锋
70.67,86kg,3,1.94m,1,9号,0,1991/1/15,212,约根森,http://p1.img.cctvpic.com/sports/data/playerImageB/57857.png,0,丹麦,前锋
89.67,84kg,3,1.93m,0,20号,1,1994/6/15,269,鲍尔森,http://p1.img.cctvpic.com/sports/data/playerImageB/135264.png,0,丹麦,前锋
58,69kg,4,1.73m,0,23号,0,1995/2/4,232,西斯托,http://p1.img.cctvpic.com/sports/data/playerImageB/287943.png,0,丹麦,前锋
15,85kg,1,1.87m,0,12号,0,1997/10/6,15,多尔伯格,http://p1.img.cctvpic.com/sports/data/playerImageB/355562.png,0,丹麦,前锋
54.33,91kg,3,1.95m,0,21号,0,1993/3/16,163,科内柳斯,http://p1.img.cctvpic.com/sports/data/playerImageB/183483.png,0,丹麦,前锋
36,80kg,1,1.85m,0,7号,0,1985/2/24,36,奎斯特,http://p1.img.cctvpic.com/sports/data/playerImageB/8521.png,0,丹麦,中场
92,78kg,4,1.8m,1,8号,0,1991/9/3,368,德莱尼,http://p1.img.cctvpic.com/sports/data/playerImageB/66477.png,0,丹麦,中场
22,69kg,1,1.71m,0,2号,0,1983/6/6,22,克龙-德利,http://p1.img.cctvpic.com/sports/data/playerImageB/2565.png,0,丹麦,中场
0,85kg,0,1.86m,0,18号,0,1993/7/12,0,莱拉格,http://p1.img.cctvpic.com/sports/data/playerImageB/151470.png,0,丹麦,中场
97.5,81kg,4,1.9m,0,14号,0,1989/7/27,390,达尔斯高,http://p1.img.cctvpic.com/sports/data/playerImageB/47855.png,0,丹麦,后卫
73,80kg,3,1.78m,0,19号,0,1986/5/27,219,舍恩,http://p1.img.cctvpic.com/sports/data/playerImageB/10077.png,0,丹麦,中场
90,82kg,3,1.82m,0,17号,0,1991/2/21,270,斯特里格,http://p1.img.cctvpic.com/sports/data/playerImageB/44848.png,0,丹麦,后卫
97.5,76kg,4,1.81m,1,10号,1,1992/2/14,390,埃里克森,http://p1.img.cctvpic.com/sports/data/playerImageB/105734.png,0,丹麦,中场
97.5,84kg,4,1.91m,0,4号,0,1989/3/26,390,西蒙·凯尔,http://p1.img.cctvpic.com/sports/data/playerImageB/21535.png,0,丹麦,后卫
73,85kg,3,1.91m,0,13号,1,1990/4/23,219,赞卡·约根森,http://p1.img.cctvpic.com/sports/data/playerImageB/26404.png,0,丹麦,后卫
76.5,85kg,4,1.92m,0,6号,0,1996/4/10,306,克里斯滕森,http://p1.img.cctvpic.com/sports/data/playerImageB/186795.png,0,丹麦,后卫
0,98kg,0,2m,0,3号,0,1992/8/3,0,韦斯特高,http://p1.img.cctvpic.com/sports/data/playerImageB/120538.png,0,丹麦,后卫
0,90kg,0,1.95m,0,16号,0,1989/2/1,0,勒斯尔,http://p1.img.cctvpic.com/sports/data/playerImageB/37514.png,0,丹麦,守门员
120,82kg,1,1.87m,0,5号,0,1992/9/16,120,克努德森,http://p1.img.cctvpic.com/sports/data/playerImageB/109053.png,0,丹麦,后卫
97.5,92kg,4,1.9m,0,1号,0,1986/11/5,390,小施梅切尔,http://p1.img.cctvpic.com/sports/data/playerImageB/1076.png,0,丹麦,守门员
0,85kg,0,1.9m,0,22号,0,1992/8/4,0,伦诺,http://p1.img.cctvpic.com/sports/data/playerImageB/137692.png,0,丹麦,守门员
70,67kg,3,1.8m,1,11号,1,1989/5/31,210,罗伊斯,http://p1.img.cctvpic.com/sports/data/playerImageB/37092.png,0,德国,前锋
59,79kg,1,1.8m,0,21号,0,1990/10/24,59,京多安,http://p1.img.cctvpic.com/sports/data/playerImageB/45853.png,0,德国,中场
59,81kg,2,1.89m,0,6号,0,1987/4/4,118,赫迪拉,http://p1.img.cctvpic.com/sports/data/playerImageB/4726.png,0,德国,中场
88.67,75kg,3,1.81m,1,9号,0,1996/3/6,266,沃纳,http://p1.img.cctvpic.com/sports/data/playerImageB/232306.png,0,德国,前锋
31,74kg,1,1.79m,0,19号,0,1990/2/28,31,鲁迪,http://p1.img.cctvpic.com/sports/data/playerImageB/35680.png,0,德国,中场
6.33,82kg,3,1.83m,0,20号,0,1996/5/2,19,朱利安,http://p1.img.cctvpic.com/sports/data/playerImageB/226978.png,0,德国,中场
90,70kg,2,1.8m,0,10号,0,1988/10/15,180,厄齐尔,http://p1.img.cctvpic.com/sports/data/playerImageB/16176.png,0,德国,中场
63,76kg,1,1.89m,0,14号,0,1995/2/6,63,格雷茨卡,http://p1.img.cctvpic.com/sports/data/playerImageB/184661.png,0,德国,中场
67.5,74kg,2,1.85m,0,7号,0,1993/9/20,135,德拉克斯勒,http://p1.img.cctvpic.com/sports/data/playerImageB/142680.png,0,德国,中场
29.33,88kg,3,1.89m,0,23号,0,1985/7/10,88,戈麦斯,http://p1.img.cctvpic.com/sports/data/playerImageB/4732.png,0,德国,前锋
90,72kg,3,1.76m,0,18号,0,1995/2/8,270,基米希,http://p1.img.cctvpic.com/sports/data/playerImageB/259117.png,0,德国,后卫
86,90kg,2,1.92m,0,17号,0,1988/9/3,172,博阿滕,http://p1.img.cctvpic.com/sports/data/playerImageB/19382.png,0,德国,后卫
0,85kg,0,1.89m,0,4号,0,1994/1/19,0,金特尔,http://p1.img.cctvpic.com/sports/data/playerImageB/142259.png,0,德国,后卫
90,90kg,2,1.92m,0,5号,0,1988/12/16,180,胡梅尔斯,http://p1.img.cctvpic.com/sports/data/playerImageB/16632.png,0,德国,后卫
90,85kg,1,1.91m,0,16号,0,1993/3/3,90,吕迪格,http://p1.img.cctvpic.com/sports/data/playerImageB/142622.png,0,德国,后卫
90,89kg,1,1.95m,0,15号,0,1995/9/3,90,舒勒,http://p1.img.cctvpic.com/sports/data/playerImageB/168937.png,0,德国,后卫
90,92kg,3,1.93m,0,1号,0,1986/3/27,270,诺伊尔,http://p1.img.cctvpic.com/sports/data/playerImageB/8959.png,0,德国,守门员
0,88kg,0,1.89m,0,12号,0,1990/7/8,0,特拉普,http://p1.img.cctvpic.com/sports/data/playerImageB/38440.png,0,德国,守门员
82.5,75kg,2,1.85m,0,3号,0,1990/5/27,165,赫克托,http://p1.img.cctvpic.com/sports/data/playerImageB/124544.png,0,德国,后卫
79,76kg,1,1.81m,0,2号,0,1992/1/26,79,普拉滕哈特,http://p1.img.cctvpic.com/sports/data/playerImageB/108584.png,0,德国,后卫
0,85kg,0,1.87m,0,22号,0,1992/4/30,0,特尔施特根,http://p1.img.cctvpic.com/sports/data/playerImageB/88625.png,0,德国,守门员
69,75公斤,3,1.86米,0,13号,0,1989年9月13日,207,穆勒,http://p1.img.cctvpic.com/photoAlbum/page/performance/img/2018/6/1/1527838533297_257.jpg,1,德国,中场
90,78公斤,3,1.82米,0,8号,1,1990年1月4日,270,克罗斯,http://p1.img.cctvpic.com/photoAlbum/page/performance/img/2018/6/1/1527839073450_473.jpg,1,德国,中场
43.8,79kg,5,1.85m,0,10号,0,1990/2/9,219,斯莫洛夫,http://p1.img.cctvpic.com/sports/data/playerImageB/24601.png,0,俄罗斯,前锋
66.6,90kg,5,1.96m,2,22号,3,1988/8/22,333,久巴,http://p1.img.cctvpic.com/sports/data/playerImageB/19367.png,0,俄罗斯,前锋
44.5,79kg,2,1.91m,0,21号,0,1989/10/13,89,叶罗欣,http://p1.img.cctvpic.com/sports/data/playerImageB/55379.png,0,俄罗斯,中场
60.8,74kg,5,1.82m,0,7号,0,1993/1/15,304,库贾耶夫,http://p1.img.cctvpic.com/sports/data/playerImageB/335865.png,0,俄罗斯,中场
60,77kg,1,1.85m,0,15号,0,1995/10/17,60,阿列克谢·米兰丘克,http://p1.img.cctvpic.com/sports/data/playerImageB/324353.png,0,俄罗斯,中场
100.5,70kg,4,1.78m,2,17号,1,1996/5/30,402,戈洛温,http://p1.img.cctvpic.com/sports/data/playerImageB/318963.png,0,俄罗斯,中场
0,67kg,0,1.82m,0,16号,0,1995/10/17,0,安东.米兰丘克,http://p1.img.cctvpic.com/sports/data/playerImageB/358746.png,0,俄罗斯,中场
21,73kg,2,1.78m,1,9号,0,1990/6/17,42,扎戈耶夫,http://p1.img.cctvpic.com/sports/data/playerImageB/42208.png,0,俄罗斯,中场
60.8,68kg,5,1.73m,0,6号,4,1990/12/26,304,切里舍夫,http://p1.img.cctvpic.com/sports/data/playerImageB/167855.png,0,俄罗斯,中场
71.8,74kg,5,1.78m,0,19号,0,1984/7/19,359,萨梅多夫,http://p1.img.cctvpic.com/sports/data/playerImageB/13321.png,0,俄罗斯,中场
102,77kg,5,1.85m,1,11号,0,1994/2/11,510,佐布宁,http://p1.img.cctvpic.com/sports/data/playerImageB/138452.png,0,俄罗斯,中场
0,87kg,0,1.91m,0,5号,0,1989/3/24,0,谢苗诺夫,http://p1.img.cctvpic.com/sports/data/playerImageB/84767.png,0,俄罗斯,后卫
102,82kg,5,1.9m,1,3号,0,1993/7/29,510,库捷波夫,http://p1.img.cctvpic.com/sports/data/playerImageB/94759.png,0,俄罗斯,后卫
73.67,76kg,3,1.8m,0,18号,0,1983/8/20,221,日尔科夫,http://p1.img.cctvpic.com/sports/data/playerImageB/13309.png,0,俄罗斯,中场
66.5,75kg,4,1.8m,0,8号,1,1989/7/20,266,加津斯基,http://p1.img.cctvpic.com/sports/data/playerImageB/128033.png,0,俄罗斯,中场
36,72kg,1,1.79m,0,23号,0,1988/8/8,36,斯莫尔尼科夫,http://p1.img.cctvpic.com/sports/data/playerImageB/43284.png,0,俄罗斯,后卫
83.5,78kg,4,1.87m,0,13号,0,1987/4/5,334,库德里亚绍夫,http://p1.img.cctvpic.com/sports/data/playerImageB/24639.png,0,俄罗斯,后卫
102,84kg,5,1.86m,0,4号,0,1979/7/14,510,伊格纳舍维奇,http://p1.img.cctvpic.com/sports/data/playerImageB/13303.png,0,俄罗斯,后卫
94.4,79kg,5,1.87m,1,2号,1,1990/9/19,472,马里奥·费尔南德斯,http://p1.img.cctvpic.com/sports/data/playerImageB/146393.png,0,俄罗斯,后卫
0,80kg,0,1.89m,0,12号,0,1991/11/13,0,卢尼奥夫,http://p1.img.cctvpic.com/sports/data/playerImageB/120787.png,0,俄罗斯,守门员
102,83kg,5,1.85m,0,1号,0,1986/4/8,510,阿金费耶夫,http://p1.img.cctvpic.com/sports/data/playerImageB/13274.png,0,俄罗斯,守门员
0,81kg,0,1.9m,0,20号,0,1983/10/19,0,加布洛夫,http://p1.img.cctvpic.com/sports/data/playerImageB/13275.png,0,俄罗斯,守门员
75,80kg,1,1.84m,0,14号,0,1987/5/22,75,格拉纳特,http://p1.img.cctvpic.com/sports/data/playerImageB/24593.png,0,俄罗斯,后卫
81.57,72kg,7,1.74m,2,7号,4,1991/3/21,571,格列兹曼,http://p1.img.cctvpic.com/sports/data/playerImageB/85859.png,0,法国,前锋
76.29,78kg,7,1.78m,0,10号,4,1998/12/20,534,姆巴佩,http://p1.img.cctvpic.com/sports/data/playerImageB/796046.png,0,法国,前锋
78,91kg,7,1.93m,1,9号,0,1986/9/30,546,吉鲁,http://p1.img.cctvpic.com/sports/data/playerImageB/39070.png,0,法国,前锋
41.25,70kg,4,1.78m,0,11号,0,1997/5/15,165,登贝莱,http://p1.img.cctvpic.com/sports/data/playerImageB/361350.png,0,法国,前锋
13.6,76kg,5,1.73m,0,18号,0,1993/7/18,68,费基尔,http://p1.img.cctvpic.com/sports/data/playerImageB/337671.png,0,法国,前锋
90,65kg,1,1.72m,0,8号,0,1995/11/12,90,勒马尔,http://p1.img.cctvpic.com/sports/data/playerImageB/191182.png,0,法国,前锋
1,76kg,1,1.8m,0,20号,0,1993/1/26,1,托万,http://p1.img.cctvpic.com/sports/data/playerImageB/148824.png,0,法国,前锋
28.2,87kg,5,1.97m,0,15号,0,1988/12/15,141,恩宗济,http://p1.img.cctvpic.com/sports/data/playerImageB/51652.png,0,法国,中场
67.2,74kg,5,1.8m,0,14号,0,1987/4/9,336,马图伊迪,http://p1.img.cctvpic.com/sports/data/playerImageB/5846.png,0,法国,中场
38.8,82kg,5,1.8m,1,12号,0,1994/8/3,194,托里索,http://p1.img.cctvpic.com/sports/data/playerImageB/343067.png,0,法国,中场
85,70kg,7,1.68m,0,13号,0,1991/3/29,595,坎特,http://p1.img.cctvpic.com/sports/data/playerImageB/234148.png,0,法国,中场
90,84kg,6,1.83m,0,5号,1,1993/11/14,540,乌姆蒂蒂,http://p1.img.cctvpic.com/sports/data/playerImageB/96547.png,0,法国,后卫
84.29,76kg,7,1.83m,2,21号,0,1996/2/14,590,埃尔南德斯,http://p1.img.cctvpic.com/sports/data/playerImageB/352370.png,0,法国,后卫
40,84kg,1,1.83m,0,22号,0,1994/7/17,40,门迪,http://p1.img.cctvpic.com/sports/data/playerImageB/139225.png,0,法国,后卫
90,81kg,1,1.84m,0,19号,0,1992/7/29,90,西迪贝,http://p1.img.cctvpic.com/sports/data/playerImageB/123388.png,0,法国,后卫
90,76kg,6,1.86m,0,2号,1,1996/3/28,540,本杰明,http://p1.img.cctvpic.com/sports/data/playerImageB/792829.png,0,法国,后卫
90,78kg,1,1.82m,0,3号,0,1995/8/13,90,金彭贝,http://p1.img.cctvpic.com/sports/data/playerImageB/352916.png,0,法国,后卫
0,90kg,0,1.9m,0,17号,0,1985/12/27,0,拉米,http://p1.img.cctvpic.com/sports/data/playerImageB/24057.png,0,法国,后卫
90,79kg,7,1.91m,0,4号,1,1993/4/25,630,瓦拉内,http://p1.img.cctvpic.com/sports/data/playerImageB/138310.png,0,法国,后卫
0,95kg,0,1.95m,0,23号,0,1993/2/27,0,阿雷奥拉,http://p1.img.cctvpic.com/sports/data/playerImageB/96531.png,0,法国,守门员
90,82kg,6,1.88m,0,1号,0,1986/12/26,540,洛里斯,http://p1.img.cctvpic.com/sports/data/playerImageB/9048.png,0,法国,守门员
90,88kg,1,1.87m,0,16号,0,1985/3/28,90,曼丹达,http://p1.img.cctvpic.com/sports/data/playerImageB/27029.png,0,法国,守门员
89.83,86公斤,6,1.91米,0,6号,1,1993年3月15日,539,博格巴,http://p1.img.cctvpic.com/photoAlbum/page/performance/img/2018/6/1/1527838662432_589.jpg,1,法国,中场
70,73kg,1,1.71m,0,21号,0,1992/7/7,70,伊斯基耶多,http://p1.img.cctvpic.com/sports/data/playerImageB/358162.png,0,哥伦比亚,前锋
1,74kg,1,1.83m,0,19号,0,1993/1/26,1,博尔哈,http://p1.img.cctvpic.com/sports/data/playerImageB/329601.png,0,哥伦比亚,前锋
57.33,82kg,3,1.82m,0,6号,0,1986/2/6,172,桑切斯,http://p1.img.cctvpic.com/sports/data/playerImageB/26995.png,0,哥伦比亚,中场
30,77kg,3,1.81m,0,7号,0,1986/9/8,90,巴卡,http://p1.img.cctvpic.com/sports/data/playerImageB/106572.png,0,哥伦比亚,前锋
45.5,79kg,2,1.78m,0,14号,0,1991/4/16,91,穆列尔,http://p1.img.cctvpic.com/sports/data/playerImageB/119242.png,0,哥伦比亚,前锋
89.67,74kg,3,1.78m,0,5号,0,1993/10/16,269,巴里奥斯,http://p1.img.cctvpic.com/sports/data/playerImageB/309652.png,0,哥伦比亚,中场
94.25,72kg,4,1.77m,0,9号,1,1986/2/10,377,法尔考,http://p1.img.cctvpic.com/sports/data/playerImageB/25682.png,0,哥伦比亚,前锋
82.75,72kg,4,1.79m,1,11号,1,1988/5/26,331,夸德拉多,http://p1.img.cctvpic.com/sports/data/playerImageB/47743.png,0,哥伦比亚,中场
44,70kg,4,1.79m,0,16号,0,1994/10/25,176,莱尔马,http://p1.img.cctvpic.com/sports/data/playerImageB/355796.png,0,哥伦比亚,中场
60.67,71kg,3,1.82m,0,15号,0,1991/3/21,182,乌里韦,http://p1.img.cctvpic.com/sports/data/playerImageB/247773.png,0,哥伦比亚,中场
77.5,64kg,4,1.69m,2,20号,1,1993/1/18,310,金特罗,http://p1.img.cctvpic.com/sports/data/playerImageB/221162.png,0,哥伦比亚,中场
97.5,81kg,4,1.87m,0,23号,0,1996/6/12,390,D·桑切斯,http://p1.img.cctvpic.com/sports/data/playerImageB/566102.png,0,哥伦比亚,后卫
32,82kg,1,1.85m,0,8号,0,1985/1/6,32,阿吉拉尔,http://p1.img.cctvpic.com/sports/data/playerImageB/12650.png,0,哥伦比亚,中场
100,95kg,3,1.94m,0,13号,3,1994/9/23,300,米纳,http://p1.img.cctvpic.com/sports/data/playerImageB/354376.png,0,哥伦比亚,后卫
96.5,71kg,4,1.77m,0,4号,0,1992/1/13,386,阿里亚斯,http://p1.img.cctvpic.com/sports/data/playerImageB/158583.png,0,哥伦比亚,后卫
0,80kg,0,1.8m,0,22号,0,1985/6/1,0,库阿德拉多,http://p1.img.cctvpic.com/sports/data/playerImageB/358142.png,0,哥伦比亚,守门员
97.5,80kg,4,1.83m,0,1号,0,1988/8/31,390,奥斯皮纳,http://p1.img.cctvpic.com/sports/data/playerImageB/33596.png,0,哥伦比亚,守门员
90,80kg,1,1.84m,0,3号,0,1988/4/18,90,穆里略,http://p1.img.cctvpic.com/sports/data/playerImageB/111224.png,0,哥伦比亚,后卫
4,82kg,1,1.87m,0,2号,0,1986/9/30,4,萨帕塔,http://p1.img.cctvpic.com/sports/data/playerImageB/12673.png,0,哥伦比亚,后卫
0,72kg,0,1.72m,0,18号,0,1991/2/22,0,法布拉,http://p1.img.cctvpic.com/sports/data/playerImageB/247741.png,0,哥伦比亚,后卫
97.5,66kg,4,1.85m,0,17号,0,1992/8/21,390,莫希卡,http://p1.img.cctvpic.com/sports/data/playerImageB/344847.png,0,哥伦比亚,后卫
0,80kg,0,1.85m,0,12号,0,1989/3/9,0,巴尔加斯,http://p1.img.cctvpic.com/sports/data/playerImageB/125787.png,0,哥伦比亚,守门员
50.67,75公斤,3,1.8米,2,10号,0,1991年7月12日,152,J罗,http://p1.img.cctvpic.com/photoAlbum/page/performance/img/2018/6/1/1527838518481_848.jpg,1,哥伦比亚,中场
57,71kg,2,1.78m,1,12号,0,1992/6/26,114,乔尔·坎贝尔,http://p1.img.cctvpic.com/sports/data/playerImageB/154508.png,0,哥斯达黎加,前锋
75,76kg,2,1.83m,0,11号,0,1988/11/27,150,贝内加斯,http://p1.img.cctvpic.com/sports/data/playerImageB/345343.png,0,哥斯达黎加,前锋
60,70kg,2,1.81m,0,21号,0,1990/3/5,120,乌雷尼亚,http://p1.img.cctvpic.com/sports/data/playerImageB/117798.png,0,哥斯达黎加,前锋
90,73kg,3,1.87m,0,10号,0,1985/8/18,270,鲁伊斯,http://p1.img.cctvpic.com/sports/data/playerImageB/21768.png,0,哥斯达黎加,中场
0,82kg,0,1.83m,0,14号,0,1984/12/30,0,阿佐菲法,http://p1.img.cctvpic.com/sports/data/playerImageB/13869.png,0,哥斯达黎加,中场
49,75kg,2,1.8m,0,9号,0,1985/1/10,98,科林德雷斯,http://p1.img.cctvpic.com/sports/data/playerImageB/284249.png,0,哥斯达黎加,中场
82,78kg,3,1.76m,0,20号,0,1990/2/18,246,古斯曼,http://p1.img.cctvpic.com/sports/data/playerImageB/117855.png,0,哥斯达黎加,中场
7,67kg,1,1.79m,0,17号,0,1992/3/17,7,特赫达,http://p1.img.cctvpic.com/sports/data/playerImageB/158753.png,0,哥斯达黎加,中场
90,79kg,3,1.87m,0,5号,0,1988/5/27,270,博格斯,http://p1.img.cctvpic.com/sports/data/playerImageB/50605.png,0,哥斯达黎加,中场
9,70kg,1,1.8m,0,13号,0,1988/6/17,9,华莱士,http://p1.img.cctvpic.com/sports/data/playerImageB/48111.png,0,哥斯达黎加,中场
33,67kg,2,1.78m,0,7号,0,1984/5/17,66,博拉诺斯,http://p1.img.cctvpic.com/sports/data/playerImageB/11381.png,0,哥斯达黎加,中场
0,70kg,0,1.75m,0,22号,0,1994/7/9,0,马塔里塔,http://p1.img.cctvpic.com/sports/data/playerImageB/345339.png,0,哥斯达黎加,后卫
90,87kg,1,1.96m,0,19号,1,1988/1/1,90,沃斯顿,http://p1.img.cctvpic.com/sports/data/playerImageB/320209.png,0,哥斯达黎加,后卫
0,68kg,0,1.77m,0,4号,0,1998/3/6,0,史密斯,http://p1.img.cctvpic.com/sports/data/playerImageB/810328.png,0,哥斯达黎加,后卫
90,81kg,2,1.86m,0,6号,0,1989/6/3,180,杜阿尔特,http://p1.img.cctvpic.com/sports/data/playerImageB/156401.png,0,哥斯达黎加,后卫
52.5,78kg,2,1.8m,0,15号,0,1992/7/8,105,卡尔沃,http://p1.img.cctvpic.com/sports/data/playerImageB/156400.png,0,哥斯达黎加,后卫
90,75kg,3,1.76m,0,2号,0,1983/7/21,270,阿科斯塔,http://p1.img.cctvpic.com/sports/data/playerImageB/154513.png,0,哥斯达黎加,后卫
85,67kg,3,1.75m,0,16号,0,1989/10/24,255,甘博亚,http://p1.img.cctvpic.com/sports/data/playerImageB/117794.png,0,哥斯达黎加,后卫
90,78kg,3,1.86m,0,3号,0,1988/2/8,270,G·冈萨雷斯,http://p1.img.cctvpic.com/sports/data/playerImageB/117793.png,0,哥斯达黎加,后卫
0,72kg,0,1.78m,0,18号,0,1982/4/24,0,佩姆伯顿,http://p1.img.cctvpic.com/sports/data/playerImageB/256119.png,0,哥斯达黎加,守门员
90,70kg,2,1.72m,0,8号,0,1990/2/18,180,奥维多,http://p1.img.cctvpic.com/sports/data/playerImageB/109064.png,0,哥斯达黎加,后卫
90,80kg,3,1.85m,0,1号,0,1986/12/15,270,纳瓦斯,http://p1.img.cctvpic.com/sports/data/playerImageB/56113.png,0,哥斯达黎加,守门员
0,70kg,0,1.79m,0,23号,0,1990/4/2,0,莫雷拉,http://p1.img.cctvpic.com/sports/data/playerImageB/156399.png,0,哥斯达黎加,守门员
67,97kg,1,1.97m,0,9号,0,1988/4/14,67,金信旭,http://p1.img.cctvpic.com/sports/data/playerImageB/144580.png,0,韩国,前锋
67.67,77kg,3,1.77m,0,11号,0,1996/1/26,203,黄喜灿,http://p1.img.cctvpic.com/sports/data/playerImageB/754008.png,0,韩国,前锋
42.5,70kg,2,1.76m,1,8号,0,1990/10/30,85,朱世钟,http://p1.img.cctvpic.com/sports/data/playerImageB/851180.png,0,韩国,中场
90,75kg,2,1.86m,0,16号,0,1989/1/24,180,寄诚庸,http://p1.img.cctvpic.com/sports/data/playerImageB/38642.png,0,韩国,中场
73,68kg,2,1.72m,0,18号,0,1992/6/9,146,文世民,http://p1.img.cctvpic.com/sports/data/playerImageB/307514.png,0,韩国,中场
90,70kg,3,1.8m,1,17号,0,1992/8/10,270,李宰成,http://p1.img.cctvpic.com/sports/data/playerImageB/537552.png,0,韩国,中场
22,63kg,2,1.7m,0,10号,0,1998/1/6,44,李昇祐,http://p1.img.cctvpic.com/sports/data/playerImageB/773497.png,0,韩国,中场
42,78kg,3,1.86m,0,15号,0,1989/12/14,126,郑又荣,http://p1.img.cctvpic.com/sports/data/playerImageB/147128.png,0,韩国,中场
0,74kg,0,1.88m,0,3号,0,1994/4/3,0,郑升炫,http://p1.img.cctvpic.com/sports/data/playerImageB/947318.png,0,韩国,后卫
48,67kg,2,1.76m,0,14号,0,1990/9/17,96,洪哲,http://p1.img.cctvpic.com/sports/data/playerImageB/143216.png,0,韩国,后卫
90,77kg,3,1.87m,0,20号,0,1991/9/28,270,张贤秀,http://p1.img.cctvpic.com/sports/data/playerImageB/160875.png,0,韩国,后卫
90,74kg,3,1.8m,0,2号,0,1986/12/24,270,李勇,http://p1.img.cctvpic.com/sports/data/playerImageB/235676.png,0,韩国,后卫
29,71kg,1,1.74m,0,6号,0,1987/1/16,29,朴柱昊,http://p1.img.cctvpic.com/sports/data/playerImageB/48241.png,0,韩国,后卫
64,73kg,2,1.82m,0,13号,0,1989/2/27,128,具滋哲,http://p1.img.cctvpic.com/sports/data/playerImageB/105173.png,0,韩国,中场
0,79kg,0,1.89m,0,4号,0,1988/5/20,0,吴半石,http://p1.img.cctvpic.com/sports/data/playerImageB/1104823.png,0,韩国,后卫
72.5,69kg,2,1.72m,0,12号,0,1990/2/25,145,金民友,http://p1.img.cctvpic.com/sports/data/playerImageB/116099.png,0,韩国,后卫
0,82kg,0,1.93m,0,21号,0,1987/7/6,0,金镇铉,http://p1.img.cctvpic.com/sports/data/playerImageB/48353.png,0,韩国,守门员
90,75kg,3,1.89m,0,23号,0,1991/9/25,270,赵贤祐,http://p1.img.cctvpic.com/sports/data/playerImageB/994365.png,0,韩国,守门员
90,74kg,3,1.84m,0,19号,1,1990/2/27,270,金英权,http://p1.img.cctvpic.com/sports/data/playerImageB/109232.png,0,韩国,后卫
90,78kg,1,1.85m,0,5号,0,1988/10/4,90,尹英善,http://p1.img.cctvpic.com/sports/data/playerImageB/143203.png,0,韩国,后卫
0,80kg,0,1.87m,0,1号,0,1990/9/30,0,金承奎,http://p1.img.cctvpic.com/sports/data/playerImageB/235686.png,0,韩国,守门员
11,65kg,1,1.7m,0,22号,0,1988/3/10,11,高尧韩,http://p1.img.cctvpic.com/sports/data/playerImageB/267785.png,0,韩国,后卫
90,76公斤,3,1.83米,0,7号,2,1992年7月8日,270,孙兴慜,http://p1.img.cctvpic.com/photoAlbum/page/performance/img/2018/6/1/1527839091228_910.jpg,1,韩国,前锋
90.29,81kg,7,1.86m,1,4号,3,1989/2/2,632,佩里希奇,http://p1.img.cctvpic.com/sports/data/playerImageB/38710.png,0,克罗地亚,前锋
27.33,83kg,3,1.86m,0,20号,0,1995/5/6,82,皮亚察,http://p1.img.cctvpic.com/sports/data/playerImageB/190435.png,0,克罗地亚,前锋
47.43,73kg,7,1.77m,0,9号,1,1991/6/19,332,克拉马里奇,http://p1.img.cctvpic.com/sports/data/playerImageB/67647.png,0,克罗地亚,前锋
0,81kg,0,1.87m,0,16号,0,1988/1/5,0,卡利尼奇,http://p1.img.cctvpic.com/sports/data/playerImageB/31273.png,0,克罗地亚,前锋
101.5,85kg,6,1.9m,1,17号,3,1986/5/21,609,曼朱基奇,http://p1.img.cctvpic.com/sports/data/playerImageB/18886.png,0,克罗地亚,前锋
91.14,78kg,7,1.84m,0,7号,1,1988/3/10,638,拉基蒂奇,http://p1.img.cctvpic.com/sports/data/playerImageB/7635.png,0,克罗地亚,中场
91.33,78kg,6,1.85m,0,18号,1,1993/9/21,548,雷比奇,http://p1.img.cctvpic.com/sports/data/playerImageB/152769.png,0,克罗地亚,前锋
34.33,76kg,3,1.86m,1,19号,1,1989/2/25,103,巴代利,http://p1.img.cctvpic.com/sports/data/playerImageB/39482.png,0,克罗地亚,中场
25,78kg,1,1.86m,0,14号,0,1992/1/11,25,布拉达里奇,http://p1.img.cctvpic.com/sports/data/playerImageB/257153.png,0,克罗地亚,中场
36.4,78kg,5,1.78m,1,8号,0,1994/5/6,182,科瓦契奇,http://p1.img.cctvpic.com/sports/data/playerImageB/136710.png,0,克罗地亚,中场
50,69kg,4,1.76m,0,22号,0,1989/1/30,200,皮瓦里奇,http://p1.img.cctvpic.com/sports/data/playerImageB/70623.png,0,克罗地亚,后卫
92.86,84kg,7,1.88m,0,6号,0,1989/7/5,650,洛夫伦,http://p1.img.cctvpic.com/sports/data/playerImageB/39480.png,0,克罗地亚,后卫
76.33,68kg,6,1.81m,1,11号,0,1992/11/16,458,布罗佐维奇,http://p1.img.cctvpic.com/sports/data/playerImageB/108800.png,0,克罗地亚,中场
105,76kg,6,1.84m,1,21号,1,1989/4/29,630,维达,http://p1.img.cctvpic.com/sports/data/playerImageB/51225.png,0,克罗地亚,后卫
101.17,76kg,6,1.81m,1,2号,0,1992/1/10,607,弗尔萨利科,http://p1.img.cctvpic.com/sports/data/playerImageB/70630.png,0,克罗地亚,后卫
85.33,78kg,6,1.86m,0,3号,0,1987/7/17,512,斯特里尼奇,http://p1.img.cctvpic.com/sports/data/playerImageB/38153.png,0,克罗地亚,后卫
90,96kg,1,2.01m,0,12号,0,1990/4/3,90,卡利尼奇,http://p1.img.cctvpic.com/sports/data/playerImageB/65221.png,0,克罗地亚,守门员
105,84kg,6,1.91m,0,23号,0,1984/10/27,630,苏巴希奇,http://p1.img.cctvpic.com/sports/data/playerImageB/41614.png,0,克罗地亚,守门员
39.33,84kg,3,1.92m,0,5号,0,1986/2/5,118,乔尔卢卡,http://p1.img.cctvpic.com/sports/data/playerImageB/18488.png,0,克罗地亚,后卫
90,89kg,1,1.92m,0,15号,0,1996/9/17,90,恰莱塔-卡尔,http://p1.img.cctvpic.com/sports/data/playerImageB/257091.png,0,克罗地亚,后卫
0,82kg,0,1.88m,0,1号,0,1995/1/9,0,利瓦科维奇,http://p1.img.cctvpic.com/sports/data/playerImageB/190419.png,0,克罗地亚,守门员
90,81kg,1,1.84m,0,13号,0,1995/11/28,90,耶德瓦伊,http://p1.img.cctvpic.com/sports/data/playerImageB/190421.png,0,克罗地亚,后卫
99.14,66公斤,7,1.72米,1,10号,2,1985年9月9日,694,莫德里奇,http://p1.img.cctvpic.com/photoAlbum/page/performance/img/2018/6/1/1527838895121_152.jpg,1,克罗地亚,中场
69.33,88kg,3,1.85m,1,9号,1,1984/1/1,208,格雷罗,http://p1.img.cctvpic.com/sports/data/playerImageB/338.png,0,秘鲁,前锋
65,85kg,2,1.77m,0,10号,0,1984/10/26,130,法尔范,http://p1.img.cctvpic.com/sports/data/playerImageB/2511.png,0,秘鲁,前锋
75,85kg,2,1.85m,0,13号,0,1995/7/28,150,塔皮亚,http://p1.img.cctvpic.com/sports/data/playerImageB/352376.png,0,秘鲁,中场
80.67,72kg,3,1.7m,0,20号,0,1994/5/14,242,弗洛雷斯,http://p1.img.cctvpic.com/sports/data/playerImageB/176139.png,0,秘鲁,前锋
6.5,67kg,2,1.69m,0,11号,0,1990/7/25,13,鲁伊迪亚斯,http://p1.img.cctvpic.com/sports/data/playerImageB/107625.png,0,秘鲁,前锋
11,76kg,1,1.79m,0,16号,0,1994/9/23,11,卡塔格纳,http://p1.img.cctvpic.com/sports/data/playerImageB/378808.png,0,秘鲁,中场
86.33,77kg,3,1.82m,0,18号,1,1991/6/14,259,卡里略,http://p1.img.cctvpic.com/sports/data/playerImageB/115182.png,0,秘鲁,前锋
60,69kg,3,1.72m,0,19号,0,1990/4/7,180,约顿,http://p1.img.cctvpic.com/sports/data/playerImageB/46988.png,0,秘鲁,中场
87.33,69kg,3,1.69m,0,8号,0,1991/11/23,262,奎瓦,http://p1.img.cctvpic.com/sports/data/playerImageB/47447.png,0,秘鲁,中场
46,71kg,3,1.74m,0,23号,0,1995/4/13,138,阿基诺,http://p1.img.cctvpic.com/sports/data/playerImageB/312284.png,0,秘鲁,中场
27,66kg,1,1.74m,0,7号,0,1990/7/27,27,霍尔塔斯,http://p1.img.cctvpic.com/sports/data/playerImageB/107315.png,0,秘鲁,中场
0,71kg,0,1.74m,0,14号,0,1994/9/29,0,波洛,http://p1.img.cctvpic.com/sports/data/playerImageB/176159.png,0,秘鲁,中场
0,68kg,0,1.79m,0,22号,0,1994/10/26,0,洛约拉,http://p1.img.cctvpic.com/sports/data/playerImageB/871514.png,0,秘鲁,后卫
90,72kg,3,1.82m,0,15号,0,1988/11/4,270,拉莫斯,http://p1.img.cctvpic.com/sports/data/playerImageB/47439.png,0,秘鲁,后卫
0,77kg,0,1.78m,0,5号,0,1994/10/24,0,阿劳霍,http://p1.img.cctvpic.com/sports/data/playerImageB/370226.png,0,秘鲁,后卫
0,75kg,0,1.72m,0,3号,0,1989/5/20,0,科尔索,http://p1.img.cctvpic.com/sports/data/playerImageB/47401.png,0,秘鲁,后卫
67.5,84kg,2,1.83m,0,4号,0,1992/1/10,135,圣玛利亚,http://p1.img.cctvpic.com/sports/data/playerImageB/248437.png,0,秘鲁,后卫
90,80kg,3,1.78m,0,17号,0,1990/3/2,270,阿德文库拉,http://p1.img.cctvpic.com/sports/data/playerImageB/149850.png,0,秘鲁,后卫
90,74kg,3,1.69m,0,6号,0,1992/8/25,270,特劳科,http://p1.img.cctvpic.com/sports/data/playerImageB/247665.png,0,秘鲁,后卫
67.5,78kg,2,1.79m,0,2号,0,1984/3/31,135,罗德里格斯,http://p1.img.cctvpic.com/sports/data/playerImageB/13527.png,0,秘鲁,后卫
0,84kg,0,1.82m,0,21号,0,1986/3/1,0,卡瓦略,http://p1.img.cctvpic.com/sports/data/playerImageB/46984.png,0,秘鲁,守门员
90,79kg,3,1.89m,0,1号,0,1990/2/23,270,加莱塞,http://p1.img.cctvpic.com/sports/data/playerImageB/34006.png,0,秘鲁,守门员
0,78kg,0,1.84m,0,12号,0,1991/9/27,0,卡塞达,http://p1.img.cctvpic.com/sports/data/playerImageB/176225.png,0,秘鲁,守门员
9,80kg,2,1.88m,0,20号,0,1987/3/30,18,布哈杜兹,http://p1.img.cctvpic.com/sports/data/playerImageB/26527.png,0,摩洛哥,前锋
70.5,80kg,2,1.9m,0,13号,1,1987/4/24,141,哈立德,http://p1.img.cctvpic.com/sports/data/playerImageB/141072.png,0,摩洛哥,前锋
49,72kg,2,1.82m,0,9号,0,1993/6/25,98,阿尤布,http://p1.img.cctvpic.com/sports/data/playerImageB/1396937.png,0,摩洛哥,前锋
18,75kg,1,1.88m,0,19号,1,1997/6/1,18,恩内斯里,http://p1.img.cctvpic.com/sports/data/playerImageB/1016923.png,0,摩洛哥,前锋
0,75kg,0,1.84m,0,15号,0,1996/7/7,0,艾特本纳赛尔,http://p1.img.cctvpic.com/sports/data/playerImageB/866424.png,0,摩洛哥,中场
76,75kg,3,1.74m,0,10号,0,1990/2/25,228,尤尼斯,http://p1.img.cctvpic.com/sports/data/playerImageB/72999.png,0,摩洛哥,中场
82,66kg,1,1.79m,0,18号,0,1997/6/18,82,哈里特,http://p1.img.cctvpic.com/sports/data/playerImageB/941698.png,0,摩洛哥,中场
90,59kg,3,1.67m,0,14号,0,1984/8/15,270,布苏法,http://p1.img.cctvpic.com/sports/data/playerImageB/6235.png,0,摩洛哥,中场
15,67kg,1,1.76m,0,23号,0,1989/7/1,15,迈赫迪,http://p1.img.cctvpic.com/sports/data/playerImageB/39462.png,0,摩洛哥,中场
14,77kg,1,1.83m,0,21号,0,1996/8/21,14,安拉巴特,http://p1.img.cctvpic.com/sports/data/playerImageB/359272.png,0,摩洛哥,中场
90,65kg,3,1.79m,0,2号,0,1998/11/4,270,哈基米,http://p1.img.cctvpic.com/sports/data/playerImageB/903858.png,0,摩洛哥,后卫
88.67,78kg,3,1.79m,0,8号,0,1985/1/27,266,艾哈迈德,http://p1.img.cctvpic.com/sports/data/playerImageB/2660.png,0,摩洛哥,中场
85.33,77kg,3,1.78m,0,16号,0,1987/3/31,256,安拉巴特,http://p1.img.cctvpic.com/sports/data/playerImageB/27714.png,0,摩洛哥,中场
15.5,72kg,2,1.78m,1,11号,0,1988/8/1,31,费萨尔,http://p1.img.cctvpic.com/sports/data/playerImageB/143786.png,0,摩洛哥,中场
88.33,70kg,3,1.8m,0,7号,0,1993/3/19,265,哈基姆,http://p1.img.cctvpic.com/sports/data/playerImageB/249437.png,0,摩洛哥,中场
90,82kg,2,1.87m,0,17号,0,1986/2/25,180,纳比勒,http://p1.img.cctvpic.com/sports/data/playerImageB/42102.png,0,摩洛哥,后卫
90,88kg,2,1.88m,0,5号,0,1987/4/17,180,贝纳蒂亚,http://p1.img.cctvpic.com/sports/data/playerImageB/27068.png,0,摩洛哥,后卫
0,70kg,0,1.79m,0,3号,0,1997/10/21,0,门迪尔,http://p1.img.cctvpic.com/sports/data/playerImageB/1017851.png,0,摩洛哥,后卫
90,88kg,3,1.9m,0,12号,0,1989/5/10,270,穆尼尔,http://p1.img.cctvpic.com/sports/data/playerImageB/141967.png,0,摩洛哥,守门员
62.67,78kg,3,1.87m,0,4号,0,1986/5/6,188,达科斯塔,http://p1.img.cctvpic.com/sports/data/playerImageB/14246.png,0,摩洛哥,后卫
90,76kg,2,1.9m,0,6号,0,1990/3/26,180,赛斯,http://p1.img.cctvpic.com/sports/data/playerImageB/187729.png,0,摩洛哥,后卫
0,77kg,0,1.9m,0,1号,0,1991/4/5,0,亚辛,http://p1.img.cctvpic.com/sports/data/playerImageB/244009.png,0,摩洛哥,守门员
0,70kg,0,1.86m,0,22号,0,1996/4/5,0,艾哈迈德,http://p1.img.cctvpic.com/sports/data/playerImageB/359280.png,0,摩洛哥,守门员
25,70kg,1,1.71m,0,8号,0,1989/7/21,25,法比安,http://p1.img.cctvpic.com/sports/data/playerImageB/41371.png,0,墨西哥,前锋
1,72kg,1,1.78m,0,19号,0,1984/1/12,1,佩拉尔塔,http://p1.img.cctvpic.com/sports/data/playerImageB/51793.png,0,墨西哥,前锋
79.25,66kg,4,1.76m,1,22号,1,1995/7/30,317,洛萨诺,http://p1.img.cctvpic.com/sports/data/playerImageB/385320.png,0,墨西哥,前锋
82.5,71kg,4,1.75m,1,14号,1,1988/6/1,330,埃尔南德斯,http://p1.img.cctvpic.com/sports/data/playerImageB/34312.png,0,墨西哥,前锋
78.75,78kg,4,1.78m,0,11号,1,1989/3/1,315,贝拉,http://p1.img.cctvpic.com/sports/data/playerImageB/25991.png,0,墨西哥,前锋
27,79kg,2,1.88m,0,9号,0,1991/5/5,54,希门尼斯,http://p1.img.cctvpic.com/sports/data/playerImageB/192442.png,0,墨西哥,前锋
35,69kg,1,1.73m,0,6号,0,1990/4/26,35,多斯桑托斯,http://p1.img.cctvpic.com/sports/data/playerImageB/84835.png,0,墨西哥,中场
76.75,63kg,4,1.67m,0,18号,0,1986/9/28,307,瓜尔达多,http://p1.img.cctvpic.com/sports/data/playerImageB/14942.png,0,墨西哥,中场
83.75,74kg,4,1.77m,0,23号,0,1994/8/15,335,加拉尔多,http://p1.img.cctvpic.com/sports/data/playerImageB/770253.png,0,墨西哥,中场
13,70kg,1,1.78m,0,10号,0,1989/5/11,13,多斯桑托斯,http://p1.img.cctvpic.com/sports/data/playerImageB/28366.png,0,墨西哥,中场
0,59kg,0,1.66m,0,20号,0,1990/2/11,0,阿基诺,http://p1.img.cctvpic.com/sports/data/playerImageB/122092.png,0,墨西哥,中场
78.5,72kg,4,1.8m,0,7号,0,1988/6/25,314,拉云,http://p1.img.cctvpic.com/sports/data/playerImageB/80008.png,0,墨西哥,中场
17,69kg,2,1.74m,0,17号,0,1993/1/6,34,科罗纳,http://p1.img.cctvpic.com/sports/data/playerImageB/123906.png,0,墨西哥,中场
90,82kg,3,1.82m,0,15号,0,1988/1/17,270,莫雷诺,http://p1.img.cctvpic.com/sports/data/playerImageB/32946.png,0,墨西哥,后卫
90,79kg,4,1.8m,0,16号,0,1990/4/19,360,埃雷拉,http://p1.img.cctvpic.com/sports/data/playerImageB/204790.png,0,墨西哥,后卫
27.67,77kg,3,1.84m,0,4号,0,1979/2/13,83,马克斯,http://p1.img.cctvpic.com/sports/data/playerImageB/3563.png,0,墨西哥,后卫
90,83kg,4,1.89m,0,3号,0,1993/9/29,360,萨尔塞多,http://p1.img.cctvpic.com/sports/data/playerImageB/314096.png,0,墨西哥,后卫
0,77kg,0,1.9m,0,5号,0,1992/9/19,0,雷耶斯,http://p1.img.cctvpic.com/sports/data/playerImageB/139421.png,0,墨西哥,后卫
90,82kg,2,1.88m,0,2号,0,1987/3/31,180,阿亚拉,http://p1.img.cctvpic.com/sports/data/playerImageB/33167.png,0,墨西哥,后卫
66.75,72kg,4,1.86m,0,21号,0,1997/10/24,267,阿尔瓦雷斯,http://p1.img.cctvpic.com/sports/data/playerImageB/1020079.png,0,墨西哥,后卫
0,84kg,0,1.88m,0,12号,0,1982/9/18,0,塔拉贝拉,http://p1.img.cctvpic.com/sports/data/playerImageB/34305.png,0,墨西哥,守门员
90,76kg,4,1.85m,0,13号,0,1985/7/13,360,奥乔亚,http://p1.img.cctvpic.com/sports/data/playerImageB/15497.png,0,墨西哥,守门员
0,80kg,0,1.82m,0,1号,0,1981/1/26,0,科罗纳,http://p1.img.cctvpic.com/sports/data/playerImageB/13861.png,0,墨西哥,守门员
49,80kg,3,1.83m,0,14号,0,1996/10/3,147,伊希纳乔,http://p1.img.cctvpic.com/sports/data/playerImageB/359642.png,0,尼日利亚,前锋
90,75kg,3,1.77m,1,11号,1,1990/12/12,270,摩西,http://p1.img.cctvpic.com/sports/data/playerImageB/31585.png,0,尼日利亚,前锋
62,86kg,1,1.85m,0,18号,0,1996/5/3,62,伊沃比,http://p1.img.cctvpic.com/sports/data/playerImageB/352770.png,0,尼日利亚,前锋
41,83kg,3,1.88m,0,9号,0,1989/6/16,123,伊哈洛,http://p1.img.cctvpic.com/sports/data/playerImageB/29774.png,0,尼日利亚,前锋
2,89kg,1,1.97m,0,13号,0,1992/5/7,2,西米,http://p1.img.cctvpic.com/sports/data/playerImageB/170499.png,0,尼日利亚,前锋
69.33,65kg,3,1.73m,0,7号,2,1992/10/14,208,穆萨,http://p1.img.cctvpic.com/sports/data/playerImageB/139502.png,0,尼日利亚,前锋
90,73kg,3,1.84m,0,4号,0,1996/12/16,270,恩迪迪,http://p1.img.cctvpic.com/sports/data/playerImageB/795266.png,0,尼日利亚,中场
0,77kg,0,1.77m,0,15号,0,1991/5/22,0,奥比,http://p1.img.cctvpic.com/sports/data/playerImageB/79403.png,0,尼日利亚,中场
0,90kg,0,1.91m,0,19号,0,1988/4/20,0,奥戈楚克乌,http://p1.img.cctvpic.com/sports/data/playerImageB/49055.png,0,尼日利亚,中场
90,74kg,3,1.74m,0,8号,0,1995/11/9,270,奥格内卡罗,http://p1.img.cctvpic.com/sports/data/playerImageB/986295.png,0,尼日利亚,中场
89.33,82kg,3,1.88m,0,10号,0,1987/4/22,268,米克尔,http://p1.img.cctvpic.com/sports/data/playerImageB/7311.png,0,尼日利亚,中场
0,74kg,0,1.72m,0,17号,0,1992/12/25,0,奥纳齐,http://p1.img.cctvpic.com/sports/data/playerImageB/150200.png,0,尼日利亚,中场
45,74kg,1,1.87m,0,21号,0,1995/12/16,45,埃布埃希,http://p1.img.cctvpic.com/sports/data/playerImageB/580512.png,0,尼日利亚,后卫
0,76kg,0,1.92m,0,20号,0,1997/1/1,0,阿瓦泽姆,http://p1.img.cctvpic.com/sports/data/playerImageB/804030.png,0,尼日利亚,后卫
90,89kg,3,1.9m,0,6号,0,1988/6/28,270,巴洛贡,http://p1.img.cctvpic.com/sports/data/playerImageB/37234.png,0,尼日利亚,后卫
0,82kg,0,1.85m,0,3号,0,1988/1/20,0,埃德尔森,http://p1.img.cctvpic.com/sports/data/playerImageB/31959.png,0,尼日利亚,后卫
90,75kg,1,1.82m,0,12号,0,1993/3/12,90,谢胡,http://p1.img.cctvpic.com/sports/data/playerImageB/330033.png,0,尼日利亚,后卫
90,85kg,3,1.91m,0,5号,0,1993/9/1,270,特鲁斯特·埃康,http://p1.img.cctvpic.com/sports/data/playerImageB/338991.png,0,尼日利亚,后卫
90,82kg,2,1.85m,1,22号,0,1993/10/17,180,奥梅鲁奥,http://p1.img.cctvpic.com/sports/data/playerImageB/158293.png,0,尼日利亚,后卫
75,75kg,3,1.79m,0,2号,0,1992/5/18,225,伊多武,http://p1.img.cctvpic.com/sports/data/playerImageB/149063.png,0,尼日利亚,后卫
0,94kg,0,1.87m,0,16号,0,1986/3/8,0,阿克佩伊,http://p1.img.cctvpic.com/sports/data/playerImageB/373968.png,0,尼日利亚,守门员
0,80kg,0,1.81m,0,1号,0,1988/10/16,0,埃岑瓦,http://p1.img.cctvpic.com/sports/data/playerImageB/38490.png,0,尼日利亚,守门员
90,91kg,3,1.96m,0,23号,0,1998/10/28,270,乌佐霍,http://p1.img.cctvpic.com/sports/data/playerImageB/359670.png,0,尼日利亚,守门员
38.67,73kg,3,1.75m,0,20号,1,1983/9/26,116,里卡多,,,,
31,63kg,1,1.73m,0,18号,0,1995/5/11,31,热尔松·马丁斯,http://p1.img.cctvpic.com/sports/data/playerImageB/364618.png,0,葡萄牙,前锋
81.33,72kg,3,1.79m,1,17号,0,1996/11/29,244,冈萨洛·格德斯,http://p1.img.cctvpic.com/sports/data/playerImageB/280979.png,0,葡萄牙,前锋
65,73kg,4,1.79m,0,10号,0,1993/1/19,260,若奥-马里奥,http://p1.img.cctvpic.com/sports/data/playerImageB/97001.png,0,葡萄牙,中场
61.67,61kg,3,1.7m,1,8号,0,1986/9/8,185,穆蒂尼奥,http://p1.img.cctvpic.com/sports/data/playerImageB/6562.png,0,葡萄牙,中场
52,72kg,3,1.76m,1,23号,0,1989/3/15,156,席尔瓦,http://p1.img.cctvpic.com/sports/data/playerImageB/30127.png,0,葡萄牙,中场
59.5,65kg,4,1.73m,0,11号,0,1994/8/10,238,贝纳多·席尔瓦,http://p1.img.cctvpic.com/sports/data/playerImageB/331209.png,0,葡萄牙,中场
38.67,78kg,3,1.84m,0,9号,0,1995/11/6,116,席尔瓦,http://p1.img.cctvpic.com/sports/data/playerImageB/190159.png,0,葡萄牙,前锋
44,64kg,2,1.83m,0,16号,0,1994/9/8,88,费尔南德斯,http://p1.img.cctvpic.com/sports/data/playerImageB/288205.png,0,葡萄牙,中场
90,80kg,4,1.9m,0,14号,0,1992/4/7,360,卡瓦略,http://p1.img.cctvpic.com/sports/data/playerImageB/137978.png,0,葡萄牙,中场
6,69kg,1,1.74m,0,4号,0,1986/2/5,6,费尔南德斯,http://p1.img.cctvpic.com/sports/data/playerImageB/12982.png,0,葡萄牙,中场
90,67kg,3,1.72m,0,21号,0,1991/8/31,270,塞德里克,http://p1.img.cctvpic.com/sports/data/playerImageB/44760.png,0,葡萄牙,后卫
90,81kg,4,1.88m,0,3号,1,1983/2/26,360,佩佩,http://p1.img.cctvpic.com/sports/data/playerImageB/5884.png,0,葡萄牙,后卫
0,83kg,0,1.87m,0,13号,0,1997/5/14,0,鲁本，迪亚斯,http://p1.img.cctvpic.com/sports/data/playerImageB/318941.png,0,葡萄牙,后卫
0,67kg,0,1.68m,0,19号,0,1991/5/27,0,马里奥·鲁伊,http://p1.img.cctvpic.com/sports/data/playerImageB/99546.png,0,葡萄牙,后卫
90,84kg,4,1.91m,0,6号,0,1983/12/22,360,冯特,http://p1.img.cctvpic.com/sports/data/playerImageB/27622.png,0,葡萄牙,后卫
90,64kg,4,1.7m,1,5号,0,1993/12/22,360,拉斐尔,,,,
90,70kg,1,1.74m,0,15号,0,1993/10/6,90,里卡多,http://p1.img.cctvpic.com/sports/data/playerImageB/221200.png,0,葡萄牙,后卫
0,83kg,0,1.87m,0,2号,0,1981/11/27,0,布鲁诺,,,,
0,81kg,0,1.84m,0,12号,0,1990/10/1,0,安东尼·洛佩斯,http://p1.img.cctvpic.com/sports/data/playerImageB/48535.png,0,葡萄牙,守门员
0,79kg,0,1.83m,0,22号,0,1982/5/1,0,贝托,http://p1.img.cctvpic.com/sports/data/playerImageB/44652.png,0,葡萄牙,守门员
90,84kg,4,1.89m,0,1号,0,1988/2/15,360,帕特里西奥,http://p1.img.cctvpic.com/sports/data/playerImageB/17737.png,0,葡萄牙,守门员
90,80公斤,4,1.85米,0,7号,4,1985年2月5日,360,C·罗,http://p1.img.cctvpic.com/photoAlbum/page/performance/img/2018/6/1/1527838494993_488.jpg,1,葡萄牙,前锋
77,71kg,4,1.82m,0,15号,1,1990/5/18,308,大迫勇也,http://p1.img.cctvpic.com/sports/data/playerImageB/48240.png,0,日本,前锋
82,72kg,1,1.79m,0,13号,0,1992/7/15,82,武藤嘉纪,http://p1.img.cctvpic.com/sports/data/playerImageB/335047.png,0,日本,前锋
22.33,70kg,3,1.74m,0,9号,0,1986/4/16,67,冈崎慎司,http://p1.img.cctvpic.com/sports/data/playerImageB/19303.png,0,日本,前锋
34,72kg,2,1.78m,0,11号,0,1992/5/6,68,宇佐美贵史,http://p1.img.cctvpic.com/sports/data/playerImageB/48437.png,0,日本,中场
82,68kg,3,1.78m,0,8号,1,1991/5/9,246,原口元气,http://p1.img.cctvpic.com/sports/data/playerImageB/48243.png,0,日本,中场
77.33,68kg,3,1.75m,1,10号,1,1989/3/17,232,香川真司,http://p1.img.cctvpic.com/sports/data/playerImageB/34853.png,0,日本,中场
69.5,72kg,4,1.8m,0,17号,0,1984/1/18,278,长谷部诚,http://p1.img.cctvpic.com/sports/data/playerImageB/24397.png,0,日本,中场
15.67,74kg,3,1.82m,1,4号,1,1986/6/13,47,本田圭佑,http://p1.img.cctvpic.com/sports/data/playerImageB/24238.png,0,日本,中场
73,59kg,4,1.69m,1,14号,2,1988/6/2,292,乾贵士,http://p1.img.cctvpic.com/sports/data/playerImageB/24464.png,0,日本,中场
85.25,64kg,4,1.75m,1,7号,0,1992/5/28,341,柴崎岳,http://p1.img.cctvpic.com/sports/data/playerImageB/148352.png,0,日本,中场
0,64kg,0,1.68m,0,18号,0,1993/1/23,0,大岛僚太,http://p1.img.cctvpic.com/sports/data/playerImageB/147080.png,0,日本,中场
36.33,72kg,3,1.73m,0,16号,0,1990/10/6,109,山口萤,http://p1.img.cctvpic.com/sports/data/playerImageB/109352.png,0,日本,中场
90,74kg,1,1.76m,0,21号,0,1991/3/14,90,酒井高德,http://p1.img.cctvpic.com/sports/data/playerImageB/48411.png,0,日本,后卫
90,70kg,4,1.83m,0,19号,0,1990/4/12,360,酒井宏树,http://p1.img.cctvpic.com/sports/data/playerImageB/48335.png,0,日本,后卫
90,68kg,4,1.7m,1,5号,0,1986/9/12,360,长友佑都,http://p1.img.cctvpic.com/sports/data/playerImageB/34639.png,0,日本,后卫
90,78kg,4,1.89m,0,22号,0,1988/8/24,360,吉田麻也,http://p1.img.cctvpic.com/sports/data/playerImageB/24248.png,0,日本,后卫
0,79kg,0,1.86m,0,2号,0,1994/10/24,0,植田直通,http://p1.img.cctvpic.com/sports/data/playerImageB/155790.png,0,日本,后卫
90,77kg,1,1.82m,0,20号,0,1987/5/11,90,槙野智章,http://p1.img.cctvpic.com/sports/data/playerImageB/24357.png,0,日本,后卫
90,74kg,3,1.82m,0,3号,0,1992/12/11,270,昌子源,http://p1.img.cctvpic.com/sports/data/playerImageB/148354.png,0,日本,后卫
0,78kg,0,1.84m,0,12号,0,1986/5/12,0,东口顺昭,http://p1.img.cctvpic.com/sports/data/playerImageB/48410.png,0,日本,守门员
0,75kg,0,1.78m,0,6号,0,1993/2/9,0,远藤航,http://p1.img.cctvpic.com/sports/data/playerImageB/143040.png,0,日本,后卫
90,74kg,4,1.85m,0,1号,0,1983/3/20,360,川岛永嗣,http://p1.img.cctvpic.com/sports/data/playerImageB/24201.png,0,日本,守门员
0,72kg,0,1.84m,0,23号,0,1995/2/27,0,中村航辅,http://p1.img.cctvpic.com/sports/data/playerImageB/155775.png,0,日本,守门员
80,78kg,5,1.92m,1,20号,1,1986/7/3,400,托伊沃宁,http://p1.img.cctvpic.com/sports/data/playerImageB/7938.png,0,瑞典,前锋
85.6,74kg,5,1.84m,0,9号,0,1986/8/17,428,贝里,http://p1.img.cctvpic.com/sports/data/playerImageB/7057.png,0,瑞典,前锋
17.5,83kg,2,1.89m,0,22号,0,1992/6/24,35,基斯特林,http://p1.img.cctvpic.com/sports/data/playerImageB/178743.png,0,瑞典,前锋
79.5,70kg,4,1.78m,0,7号,0,1985/6/6,318,拉尔森,http://p1.img.cctvpic.com/sports/data/playerImageB/524.png,0,瑞典,中场
83.4,78kg,5,1.79m,0,10号,1,1991/10/23,417,福斯伯格,http://p1.img.cctvpic.com/sports/data/playerImageB/51785.png,0,瑞典,中场
18.5,79kg,2,1.85m,0,11号,0,1992/4/15,37,圭德蒂,http://p1.img.cctvpic.com/sports/data/playerImageB/37191.png,0,瑞典,前锋
16,69kg,1,1.8m,0,21号,0,1989/3/22,16,杜尔马兹,http://p1.img.cctvpic.com/sports/data/playerImageB/37504.png,0,瑞典,中场
84.2,75kg,5,1.86m,0,8号,0,1989/7/28,421,埃克达尔,http://p1.img.cctvpic.com/sports/data/playerImageB/21992.png,0,瑞典,中场
86.8,79kg,5,1.83m,2,17号,0,1992/1/2,434,克莱森,http://p1.img.cctvpic.com/sports/data/playerImageB/137661.png,0,瑞典,中场
44,77kg,3,1.83m,0,13号,0,1987/2/7,132,斯文森,http://p1.img.cctvpic.com/sports/data/playerImageB/15375.png,0,瑞典,中场
0,76kg,0,1.82m,0,19号,0,1991/5/11,0,罗登,http://p1.img.cctvpic.com/sports/data/playerImageB/209082.png,0,瑞典,中场
90,84kg,5,1.92m,0,4号,2,1985/4/16,450,格兰奎斯特,http://p1.img.cctvpic.com/sports/data/playerImageB/7714.png,0,瑞典,后卫
14.5,73kg,2,1.84m,0,15号,0,1992/6/28,29,希列马克,http://p1.img.cctvpic.com/sports/data/playerImageB/124004.png,0,瑞典,中场
16.5,81kg,2,1.77m,0,5号,0,1988/5/17,33,奥尔森,http://p1.img.cctvpic.com/sports/data/playerImageB/27247.png,0,瑞典,后卫
47.5,89kg,2,1.94m,0,18号,0,1991/2/13,95,扬森,http://p1.img.cctvpic.com/sports/data/playerImageB/55123.png,0,瑞典,后卫
0,83kg,0,1.92m,0,14号,0,1993/4/22,0,菲利普,http://p1.img.cctvpic.com/sports/data/playerImageB/168749.png,0,瑞典,后卫
46.5,72kg,2,1.81m,0,16号,0,1994/8/2,93,格拉菲斯,http://p1.img.cctvpic.com/sports/data/playerImageB/150396.png,0,瑞典,后卫
90,81kg,4,1.87m,0,3号,0,1994/7/17,360,林德洛夫,http://p1.img.cctvpic.com/sports/data/playerImageB/143334.png,0,瑞典,后卫
90,76kg,5,1.81m,0,6号,1,1994/4/21,450,奥古斯丁森,http://p1.img.cctvpic.com/sports/data/playerImageB/138546.png,0,瑞典,后卫
0,83kg,0,1.87m,0,12号,0,1990/1/28,0,约翰森,http://p1.img.cctvpic.com/sports/data/playerImageB/40973.png,0,瑞典,守门员
90,89kg,5,1.98m,0,1号,0,1990/1/8,450,奥尔森,http://p1.img.cctvpic.com/sports/data/playerImageB/26025.png,0,瑞典,守门员
88,77kg,4,1.89m,0,2号,0,1986/12/13,352,卢斯蒂格,http://p1.img.cctvpic.com/sports/data/playerImageB/10692.png,0,瑞典,后卫
0,85kg,0,1.9m,0,23号,0,1989/6/23,0,诺德菲尔特,http://p1.img.cctvpic.com/sports/data/playerImageB/22596.png,0,瑞典,守门员
47.33,88kg,3,1.86m,0,9号,0,1992/2/22,142,塞费罗维奇,http://p1.img.cctvpic.com/sports/data/playerImageB/50899.png,0,瑞士,前锋
57,75kg,2,1.75m,1,18号,0,1989/11/24,114,加夫兰诺维奇,http://p1.img.cctvpic.com/sports/data/playerImageB/49351.png,0,瑞士,前锋
33.5,86kg,4,1.84m,1,7号,0,1997/2/14,134,恩博洛,http://p1.img.cctvpic.com/sports/data/playerImageB/352296.png,0,瑞士,前锋
24.5,77kg,2,1.89m,1,17号,0,1996/11/20,49,扎卡里亚,http://p1.img.cctvpic.com/sports/data/playerImageB/770677.png,0,瑞士,中场
87.75,78kg,4,1.65m,1,23号,1,1991/10/10,351,沙奇里,http://p1.img.cctvpic.com/sports/data/playerImageB/65953.png,0,瑞士,中场
55.5,78kg,2,1.84m,0,19号,1,1992/8/8,111,德尔米奇,http://p1.img.cctvpic.com/sports/data/playerImageB/107025.png,0,瑞士,前锋
84.33,79kg,3,1.82m,0,14号,1,1991/8/17,253,楚伯,http://p1.img.cctvpic.com/sports/data/playerImageB/37752.png,0,瑞士,中场
81.5,77kg,4,1.8m,0,15号,1,1986/4/12,326,泽马伊利,http://p1.img.cctvpic.com/sports/data/playerImageB/4370.png,0,瑞士,中场
0,72kg,0,1.8m,0,16号,0,1986/9/2,0,G·费尔南德斯,http://p1.img.cctvpic.com/sports/data/playerImageB/15857.png,0,瑞士,中场
90,82kg,4,1.83m,0,10号,1,1992/9/27,360,G·扎卡,http://p1.img.cctvpic.com/sports/data/playerImageB/117777.png,0,瑞士,中场
77.75,78kg,4,1.84m,0,11号,0,1985/4/19,311,贝赫拉米,http://p1.img.cctvpic.com/sports/data/playerImageB/11654.png,0,瑞士,中场
0,75kg,0,1.81m,0,8号,0,1992/4/15,0,弗鲁勒,http://p1.img.cctvpic.com/sports/data/playerImageB/115516.png,0,瑞士,中场
90,79kg,4,1.8m,0,13号,0,1992/8/25,360,R·罗德里格斯,http://p1.img.cctvpic.com/sports/data/playerImageB/67769.png,0,瑞士,后卫
90,90kg,1,1.92m,0,20号,0,1987/1/18,90,朱鲁,http://p1.img.cctvpic.com/sports/data/playerImageB/536.png,0,瑞士,后卫
89,77kg,3,1.81m,0,2号,0,1984/1/16,267,利希施泰纳,http://p1.img.cctvpic.com/sports/data/playerImageB/4392.png,0,瑞士,后卫
90,85kg,4,1.86m,0,5号,0,1995/7/19,360,阿坎吉,http://p1.img.cctvpic.com/sports/data/playerImageB/383560.png,0,瑞士,后卫
34,78kg,3,1.85m,0,6号,0,1991/2/8,102,米夏埃尔·朗,http://p1.img.cctvpic.com/sports/data/playerImageB/26315.png,0,瑞士,后卫
0,76kg,0,1.8m,0,3号,0,1990/6/21,0,穆邦杰,http://p1.img.cctvpic.com/sports/data/playerImageB/106869.png,0,瑞士,后卫
0,83kg,0,1.88m,0,21号,0,1990/11/14,0,比尔基,http://p1.img.cctvpic.com/sports/data/playerImageB/37378.png,0,瑞士,守门员
90,81kg,4,1.83m,0,1号,0,1988/12/17,360,佐默,http://p1.img.cctvpic.com/sports/data/playerImageB/16206.png,0,瑞士,守门员
0,77kg,0,1.87m,0,4号,0,1996/9/30,0,埃尔韦迪,http://p1.img.cctvpic.com/sports/data/playerImageB/282229.png,0,瑞士,后卫
90,83kg,3,1.86m,0,22号,0,1991/12/20,270,舍尔,http://p1.img.cctvpic.com/sports/data/playerImageB/101882.png,0,瑞士,后卫
0,84kg,0,1.86m,0,12号,0,1994/6/6,0,姆沃戈,http://p1.img.cctvpic.com/sports/data/playerImageB/149656.png,0,瑞士,守门员
0,88kg,0,1.91m,0,8号,0,1990/4/21,0,普里约维奇,http://p1.img.cctvpic.com/sports/data/playerImageB/36497.png,0,塞尔维亚,前锋
1,75kg,1,1.81m,0,19号,0,1997/12/23,1,约维奇,http://p1.img.cctvpic.com/sports/data/playerImageB/319129.png,0,塞尔维亚,前锋
8.5,76kg,2,1.85m,0,18号,0,1996/2/15,17,拉多尼奇,http://p1.img.cctvpic.com/sports/data/playerImageB/280817.png,0,塞尔维亚,前锋
89.67,82kg,3,1.89m,0,9号,1,1994/9/16,269,米特洛维奇,http://p1.img.cctvpic.com/sports/data/playerImageB/192144.png,0,塞尔维亚,前锋
85.5,80kg,2,1.86m,0,4号,0,1991/4/7,171,米利沃耶维奇,http://p1.img.cctvpic.com/sports/data/playerImageB/50294.png,0,塞尔维亚,中场
90,86kg,3,1.94m,0,21号,0,1988/8/1,270,马蒂奇,http://p1.img.cctvpic.com/sports/data/playerImageB/44241.png,0,塞尔维亚,中场
57,74kg,3,1.82m,0,22号,0,1991/9/29,171,利亚伊奇,http://p1.img.cctvpic.com/sports/data/playerImageB/39587.png,0,塞尔维亚,中场
87.67,76kg,3,1.81m,1,10号,0,1988/11/20,263,塔迪奇,http://p1.img.cctvpic.com/sports/data/playerImageB/38560.png,0,塞尔维亚,中场
90,76kg,3,1.92m,0,20号,0,1995/2/27,270,米林科维奇,http://p1.img.cctvpic.com/sports/data/playerImageB/331447.png,0,塞尔维亚,中场
0,82kg,0,1.9m,0,16号,0,1996/4/13,0,格鲁伊奇,http://p1.img.cctvpic.com/sports/data/playerImageB/280835.png,0,塞尔维亚,中场
15,68kg,1,1.69m,0,7号,0,1996/7/11,15,日夫科维奇,http://p1.img.cctvpic.com/sports/data/playerImageB/188133.png,0,塞尔维亚,中场
55.33,82kg,3,1.84m,0,17号,0,1992/11/1,166,科斯蒂奇,http://p1.img.cctvpic.com/sports/data/playerImageB/126588.png,0,塞尔维亚,中场
90,90kg,3,1.95m,0,15号,0,1997/10/12,270,米伦科维奇,http://p1.img.cctvpic.com/sports/data/playerImageB/976055.png,0,塞尔维亚,后卫
0,69kg,0,1.85m,0,14号,0,1991/4/2,0,罗迪奇,http://p1.img.cctvpic.com/sports/data/playerImageB/77678.png,0,塞尔维亚,后卫
90,77kg,1,1.88m,0,13号,0,1995/9/26,90,韦利科维奇,http://p1.img.cctvpic.com/sports/data/playerImageB/227224.png,0,塞尔维亚,后卫
48.5,71kg,2,1.77m,0,2号,0,1984/1/26,97,鲁卡维纳,http://p1.img.cctvpic.com/sports/data/playerImageB/25621.png,0,塞尔维亚,后卫
90,79kg,2,1.85m,0,3号,0,1985/1/19,180,托希奇,http://p1.img.cctvpic.com/sports/data/playerImageB/14557.png,0,塞尔维亚,后卫
90,89kg,2,1.85m,0,6号,0,1984/2/22,180,伊万诺维奇,http://p1.img.cctvpic.com/sports/data/playerImageB/25233.png,0,塞尔维亚,后卫
0,82kg,0,1.88m,0,5号,0,1993/2/13,0,斯帕伊奇,http://p1.img.cctvpic.com/sports/data/playerImageB/111752.png,0,塞尔维亚,后卫
90,83kg,3,1.87m,0,11号,1,1985/11/10,270,科拉罗夫,http://p1.img.cctvpic.com/sports/data/playerImageB/26097.png,0,塞尔维亚,后卫
0,90kg,0,1.94m,0,23号,0,1992/1/24,0,德米特罗维奇,http://p1.img.cctvpic.com/sports/data/playerImageB/94527.png,0,塞尔维亚,守门员
0,85kg,0,1.91m,0,12号,0,1995/10/31,0,拉伊科维奇,http://p1.img.cctvpic.com/sports/data/playerImageB/188107.png,0,塞尔维亚,守门员
90,92kg,3,1.95m,0,1号,0,1983/7/28,270,斯托伊科维奇,http://p1.img.cctvpic.com/sports/data/playerImageB/13691.png,0,塞尔维亚,守门员
0,75kg,0,1.8m,0,7号,0,1986/1/19,0,穆萨·索乌,http://p1.img.cctvpic.com/sports/data/playerImageB/3215.png,0,塞内加尔,前锋
4,79kg,1,1.84m,0,15号,0,1989/12/24,4,D·萨科,http://p1.img.cctvpic.com/sports/data/playerImageB/74069.png,0,塞内加尔,前锋
80,77kg,1,1.81m,0,20号,0,1995/3/8,80,凯塔·巴尔德,http://p1.img.cctvpic.com/sports/data/playerImageB/317699.png,0,塞内加尔,前锋
33,81kg,2,1.85m,0,9号,0,1987/12/16,66,马姆·迪乌夫,http://p1.img.cctvpic.com/sports/data/playerImageB/22481.png,0,塞内加尔,前锋
12.5,78kg,2,1.8m,0,14号,0,1993/4/3,25,科纳特,http://p1.img.cctvpic.com/sports/data/playerImageB/157143.png,0,塞内加尔,前锋
90,69kg,3,1.75m,0,10号,1,1992/4/10,270,马内,http://p1.img.cctvpic.com/sports/data/playerImageB/217704.png,0,塞内加尔,前锋
90,70kg,3,1.75m,0,18号,0,1998/2/25,270,萨尔,http://p1.img.cctvpic.com/sports/data/playerImageB/1011939.png,0,塞内加尔,前锋
82.33,74kg,3,1.84m,1,19号,1,1994/12/19,247,尼昂,http://p1.img.cctvpic.com/sports/data/playerImageB/139228.png,0,塞内加尔,前锋
39.33,75kg,3,1.89m,0,8号,0,1989/12/21,118,库亚特,http://p1.img.cctvpic.com/sports/data/playerImageB/45944.png,0,塞内加尔,中场
18.5,90kg,2,1.92m,0,11号,0,1986/3/29,37,恩多耶,http://p1.img.cctvpic.com/sports/data/playerImageB/341513.png,0,塞内加尔,中场
81,74kg,1,1.81m,0,17号,0,1990/10/27,81,帕帕阿利乌内，恩迪亚耶,http://p1.img.cctvpic.com/sports/data/playerImageB/228342.png,0,塞内加尔,中场
90,84kg,3,1.96m,0,6号,0,1990/8/25,270,萨利夫.萨内,http://p1.img.cctvpic.com/sports/data/playerImageB/143398.png,0,塞内加尔,中场
76,80kg,2,1.86m,0,13号,0,1990/3/6,152,A·恩迪亚耶,http://p1.img.cctvpic.com/sports/data/playerImageB/32897.png,0,塞内加尔,中场
90,64kg,3,1.74m,0,5号,0,1989/9/26,270,盖伊,http://p1.img.cctvpic.com/sports/data/playerImageB/106337.png,0,塞内加尔,中场
65.33,70kg,3,1.77m,0,22号,1,1998/10/4,196,瓦格,http://p1.img.cctvpic.com/sports/data/playerImageB/816568.png,0,塞内加尔,后卫
90,74kg,1,1.81m,0,21号,0,1989/10/20,90,加萨马,http://p1.img.cctvpic.com/sports/data/playerImageB/40698.png,0,塞内加尔,后卫
0,69kg,0,1.73m,0,2号,0,1989/6/15,0,西斯,http://p1.img.cctvpic.com/sports/data/playerImageB/115102.png,0,塞内加尔,后卫
90,89kg,3,1.95m,0,3号,0,1991/6/20,270,库利巴利,http://p1.img.cctvpic.com/sports/data/playerImageB/126071.png,0,塞内加尔,后卫
84.67,71kg,3,1.74m,0,12号,0,1993/3/5,254,萨巴利,http://p1.img.cctvpic.com/sports/data/playerImageB/111803.png,0,塞内加尔,后卫
0,85kg,0,1.92m,0,4号,0,1989/11/22,0,卡拉,http://p1.img.cctvpic.com/sports/data/playerImageB/108548.png,0,塞内加尔,后卫
90,80kg,3,1.85m,0,16号,0,1985/4/5,270,恩迪亚耶,http://p1.img.cctvpic.com/sports/data/playerImageB/215188.png,0,塞内加尔,守门员
0,80kg,0,1.96m,0,23号,0,1993/9/5,0,戈米斯,http://p1.img.cctvpic.com/sports/data/playerImageB/143695.png,0,塞内加尔,守门员
0,79kg,0,1.89m,0,1号,0,1992/3/30,0,迪亚洛,http://p1.img.cctvpic.com/sports/data/playerImageB/1078312.png,0,塞内加尔,守门员
15,79kg,2,1.85m,0,20号,0,1986/10/14,30,阿西里,http://p1.img.cctvpic.com/sports/data/playerImageB/1353186.png,0,沙特阿拉伯,前锋
61,65kg,3,1.68m,0,19号,0,1994/9/14,183,法赫德·穆瓦拉德,http://p1.img.cctvpic.com/sports/data/playerImageB/160909.png,0,沙特阿拉伯,前锋
48.5,75kg,2,1.79m,0,10号,0,1987/1/10,97,萨赫拉维,http://p1.img.cctvpic.com/sports/data/playerImageB/118148.png,0,沙特阿拉伯,前锋
52.67,66kg,3,1.7m,0,9号,0,1992/7/16,158,巴赫布里,http://p1.img.cctvpic.com/sports/data/playerImageB/548400.png,0,沙特阿拉伯,中场
15,73kg,1,1.92m,0,12号,0,1994/9/22,15,坎诺,http://p1.img.cctvpic.com/sports/data/playerImageB/947432.png,0,沙特阿拉伯,中场
67,69kg,2,1.69m,0,17号,0,1984/7/25,134,贾西姆,http://p1.img.cctvpic.com/sports/data/playerImageB/31605.png,0,沙特阿拉伯,中场
68,76kg,2,1.74m,0,16号,0,1988/3/24,136,莫加赫维,http://p1.img.cctvpic.com/sports/data/playerImageB/538492.png,0,沙特阿拉伯,中场
0,73kg,0,1.77m,0,11号,0,1986/3/13,0,阿卜杜勒马利克·海布里,http://p1.img.cctvpic.com/sports/data/playerImageB/201624.png,0,沙特阿拉伯,中场
90,68kg,3,1.74m,0,18号,1,1991/8/19,270,萨利姆·杜萨里,http://p1.img.cctvpic.com/sports/data/playerImageB/160893.png,0,沙特阿拉伯,中场
81.33,66kg,3,1.77m,1,14号,0,1992/8/3,244,奥泰夫,http://p1.img.cctvpic.com/sports/data/playerImageB/160925.png,0,沙特阿拉伯,中场
90,63kg,3,1.79m,0,7号,1,1989/8/1,270,法拉杰,http://p1.img.cctvpic.com/sports/data/playerImageB/148858.png,0,沙特阿拉伯,中场
0,66kg,0,1.75m,0,15号,0,1996/8/16,0,海巴里,http://p1.img.cctvpic.com/sports/data/playerImageB/1429341.png,0,沙特阿拉伯,中场
41.5,63kg,2,1.65m,0,8号,0,1990/6/26,83,谢赫里,http://p1.img.cctvpic.com/sports/data/playerImageB/118150.png,0,沙特阿拉伯,中场
90,61kg,3,1.73m,0,6号,0,1992/9/15,270,布赖克,http://p1.img.cctvpic.com/sports/data/playerImageB/610760.png,0,沙特阿拉伯,后卫
90,83kg,3,1.88m,0,3号,0,1984/3/31,270,奥萨马·豪萨维,http://p1.img.cctvpic.com/sports/data/playerImageB/37176.png,0,沙特阿拉伯,后卫
90,76kg,1,1.85m,0,5号,0,1985/9/27,90,奥萨马·豪萨维,http://p1.img.cctvpic.com/sports/data/playerImageB/350072.png,0,沙特阿拉伯,后卫
0,68kg,0,1.73m,0,2号,0,1987/10/19,0,哈尔比,http://p1.img.cctvpic.com/sports/data/playerImageB/328855.png,0,沙特阿拉伯,后卫
90,79kg,1,1.8m,0,23号,0,1992/2/17,90,豪萨维,http://p1.img.cctvpic.com/sports/data/playerImageB/160933.png,0,沙特阿拉伯,后卫
90,63kg,3,1.7m,0,13号,0,1992/5/25,270,亚西尔·沙赫拉尼,http://p1.img.cctvpic.com/sports/data/playerImageB/160923.png,0,沙特阿拉伯,后卫
90,88kg,1,1.86m,0,21号,0,1984/2/27,90,莫萨利姆,http://p1.img.cctvpic.com/sports/data/playerImageB/196394.png,0,沙特阿拉伯,守门员
90,83kg,1,1.82m,0,4号,0,1989/11/21,90,布莱希,http://p1.img.cctvpic.com/sports/data/playerImageB/1265186.png,0,沙特阿拉伯,后卫
90,98kg,1,1.78m,0,1号,0,1987/1/23,90,马尤夫,http://p1.img.cctvpic.com/sports/data/playerImageB/118159.png,0,沙特阿拉伯,守门员
90,79kg,1,1.87m,0,22号,0,1991/10/10,90,奥韦斯,http://p1.img.cctvpic.com/sports/data/playerImageB/1060479.png,0,沙特阿拉伯,守门员
88,76kg,3,1.82m,2,10号,2,1991/2/8,264,哈兹里,http://p1.img.cctvpic.com/sports/data/playerImageB/51640.png,0,突尼斯,前锋
90,80kg,3,1.89m,0,8号,1,1991/6/21,270,本优素夫,http://p1.img.cctvpic.com/sports/data/playerImageB/290623.png,0,突尼斯,前锋
90,76kg,1,1.8m,0,7号,0,1995/4/27,90,哈奥,http://p1.img.cctvpic.com/sports/data/playerImageB/346262.png,0,突尼斯,前锋
5,72kg,1,1.85m,0,19号,0,1986/10/14,5,赫利法,http://p1.img.cctvpic.com/sports/data/playerImageB/118165.png,0,突尼斯,前锋
60.67,75kg,3,1.73m,0,23号,0,1992/7/27,182,斯利蒂,http://p1.img.cctvpic.com/sports/data/playerImageB/153158.png,0,突尼斯,前锋
90,70kg,1,1.79m,0,20号,0,1994/2/28,90,查拉利,http://p1.img.cctvpic.com/sports/data/playerImageB/1131889.png,0,突尼斯,前锋
13,75kg,1,1.87m,0,15号,0,1994/12/21,13,哈利勒,http://p1.img.cctvpic.com/sports/data/playerImageB/1090380.png,0,突尼斯,前锋
1,71kg,1,1.76m,0,18号,0,1997/6/25,1,斯拉尔菲,http://p1.img.cctvpic.com/sports/data/playerImageB/1100279.png,0,突尼斯,前锋
75,70kg,3,1.78m,0,9号,0,1990/9/18,225,巴德里,http://p1.img.cctvpic.com/sports/data/playerImageB/312830.png,0,突尼斯,中场
90,72kg,2,1.7m,0,12号,0,1990/1/1,180,马鲁尔,http://p1.img.cctvpic.com/sports/data/playerImageB/332547.png,0,突尼斯,后卫
90,77kg,1,1.87m,0,6号,0,1990/1/19,90,贝多伊,http://p1.img.cctvpic.com/sports/data/playerImageB/290611.png,0,突尼斯,后卫
49,75kg,1,1.85m,0,3号,0,1987/3/28,49,贝纳卢安,http://p1.img.cctvpic.com/sports/data/playerImageB/21515.png,0,突尼斯,后卫
65.5,87kg,2,1.89m,0,2号,0,1989/3/31,131,本优素福,http://p1.img.cctvpic.com/sports/data/playerImageB/118144.png,0,突尼斯,后卫
90,70kg,3,1.83m,0,4号,0,1993/7/2,270,梅里亚,http://p1.img.cctvpic.com/sports/data/playerImageB/1131921.png,0,突尼斯,后卫
90,76kg,1,1.85m,1,5号,0,1992/1/28,90,哈达迪,http://p1.img.cctvpic.com/sports/data/playerImageB/1099253.png,0,突尼斯,后卫
78,75kg,2,1.86m,1,21号,0,1992/10/28,156,纳格斯,http://p1.img.cctvpic.com/sports/data/playerImageB/1090382.png,0,突尼斯,后卫
57,75kg,2,1.86m,0,11号,1,1995/6/19,114,布龙,http://p1.img.cctvpic.com/sports/data/playerImageB/1011877.png,0,突尼斯,后卫
15,70kg,1,1.86m,0,22号,0,1995/3/5,15,哈桑,http://p1.img.cctvpic.com/sports/data/playerImageB/227860.png,0,突尼斯,守门员
90,84kg,1,1.82m,0,16号,0,1984/9/14,90,巴尔鲍利,http://p1.img.cctvpic.com/sports/data/playerImageB/32806.png,0,突尼斯,守门员
82.5,85kg,2,1.92m,0,1号,0,1989/7/1,165,本穆斯塔法,http://p1.img.cctvpic.com/sports/data/playerImageB/105518.png,0,突尼斯,守门员
64.67,80kg,3,1.86m,0,13号,1,1992/3/18,194,萨西,http://p1.img.cctvpic.com/sports/data/playerImageB/332537.png,0,突尼斯,中场
16,75kg,1,1.8m,0,14号,0,1992/5/3,16,本阿莫尔,http://p1.img.cctvpic.com/sports/data/playerImageB/1090378.png,0,突尼斯,中场
90,69kg,3,1.85m,0,17号,0,1995/5/10,270,斯希里,http://p1.img.cctvpic.com/sports/data/playerImageB/591706.png,0,突尼斯,中场
31,85kg,1,1.86m,0,18号,0,1996/8/14,31,戈麦斯,http://p1.img.cctvpic.com/sports/data/playerImageB/871470.png,0,乌拉圭,前锋
17,66kg,1,1.72m,0,20号,0,1990/3/19,17,乌雷塔,http://p1.img.cctvpic.com/sports/data/playerImageB/37792.png,0,乌拉圭,前锋
41,74kg,3,1.71m,2,5号,0,1984/12/2,123,桑切斯,http://p1.img.cctvpic.com/sports/data/playerImageB/77034.png,0,乌拉圭,中场
43,64kg,2,1.72m,0,10号,0,1994/6/1,86,德阿拉斯凯塔,http://p1.img.cctvpic.com/sports/data/playerImageB/333587.png,0,乌拉圭,前锋
37.5,78kg,2,1.86m,0,11号,0,1986/10/12,75,斯图亚尼,http://p1.img.cctvpic.com/sports/data/playerImageB/32048.png,0,乌拉圭,前锋
86,78kg,4,1.88m,0,21号,3,1987/2/14,344,卡瓦尼,http://p1.img.cctvpic.com/sports/data/playerImageB/21521.png,0,乌拉圭,前锋
33,79kg,5,1.78m,0,7号,0,1985/9/30,165,罗德里格斯,http://p1.img.cctvpic.com/sports/data/playerImageB/9071.png,0,乌拉圭,中场
73,73kg,5,1.87m,1,6号,0,1997/6/25,365,本坦库尔,http://p1.img.cctvpic.com/sports/data/playerImageB/810644.png,0,乌拉圭,中场
58.6,61kg,5,1.71m,0,8号,0,1995/12/28,293,南德斯,http://p1.img.cctvpic.com/sports/data/playerImageB/589620.png,0,乌拉圭,中场
60.8,61kg,5,1.68m,0,14号,0,1996/2/11,304,卢卡斯,http://p1.img.cctvpic.com/sports/data/playerImageB/754794.png,0,乌拉圭,中场
83.2,80kg,5,1.89m,0,15号,0,1991/8/24,416,贝西诺,http://p1.img.cctvpic.com/sports/data/playerImageB/158615.png,0,乌拉圭,中场
90,77kg,4,1.85m,0,2号,1,1995/1/20,360,希门尼斯,http://p1.img.cctvpic.com/sports/data/playerImageB/325355.png,0,乌拉圭,后卫
90,89kg,1,1.96m,0,19号,0,1990/10/7,90,科茨,http://p1.img.cctvpic.com/sports/data/playerImageB/47443.png,0,乌拉圭,后卫
90,70kg,2,1.73m,0,4号,0,1993/3/24,180,巴雷拉,http://p1.img.cctvpic.com/sports/data/playerImageB/311456.png,0,乌拉圭,后卫
75.25,66kg,4,1.78m,0,17号,0,1993/2/7,301,拉克索尔特,http://p1.img.cctvpic.com/sports/data/playerImageB/333589.png,0,乌拉圭,中场
90,75kg,5,1.78m,0,22号,0,1987/4/7,450,卡塞雷斯,http://p1.img.cctvpic.com/sports/data/playerImageB/28186.png,0,乌拉圭,后卫
0,74kg,0,1.85m,0,13号,0,1994/3/5,0,席尔瓦,http://p1.img.cctvpic.com/sports/data/playerImageB/155952.png,0,乌拉圭,后卫
0,73kg,0,1.73m,0,16号,0,1984/6/8,0,佩雷拉,http://p1.img.cctvpic.com/sports/data/playerImageB/26179.png,0,乌拉圭,后卫
90,74kg,5,1.9m,0,1号,0,1986/6/16,450,穆斯莱拉,http://p1.img.cctvpic.com/sports/data/playerImageB/28381.png,0,乌拉圭,守门员
0,82kg,0,1.87m,0,23号,0,1983/3/25,0,席尔瓦,http://p1.img.cctvpic.com/sports/data/playerImageB/36979.png,0,乌拉圭,守门员
90,73kg,5,1.85m,0,3号,0,1986/2/16,450,戈丁,http://p1.img.cctvpic.com/sports/data/playerImageB/14933.png,0,乌拉圭,后卫
0,79kg,0,1.84m,0,12号,0,1989/5/29,0,坎帕尼亚,http://p1.img.cctvpic.com/sports/data/playerImageB/243045.png,0,乌拉圭,守门员
90,85公斤,5,1.82米,1,9号,2,1987年1月24日,450,苏亚雷斯,http://p1.img.cctvpic.com/photoAlbum/page/performance/img/2018/6/1/1527838610748_625.jpg,1,乌拉圭,前锋
80,86kg,4,1.85m,0,19号,3,1988/10/7,320,科斯塔,http://p1.img.cctvpic.com/sports/data/playerImageB/21212.png,0,西班牙,前锋
7.67,72kg,3,1.82m,0,9号,0,1991/3/6,23,罗德里戈,http://p1.img.cctvpic.com/sports/data/playerImageB/99525.png,0,西班牙,前锋
41.5,70kg,2,1.73m,0,11号,0,1991/7/1,83,巴斯克斯,http://p1.img.cctvpic.com/sports/data/playerImageB/255239.png,0,西班牙,前锋
23,67kg,3,1.76m,0,17号,1,1987/8/1,69,阿斯帕斯,http://p1.img.cctvpic.com/sports/data/playerImageB/19356.png,0,西班牙,前锋
81.75,67kg,4,1.7m,0,21号,0,1986/1/8,327,席尔瓦,http://p1.img.cctvpic.com/sports/data/playerImageB/11781.png,0,西班牙,前锋
76.33,73kg,3,1.77m,0,8号,0,1992/1/8,229,科克,http://p1.img.cctvpic.com/sports/data/playerImageB/84539.png,0,西班牙,中场
47,70kg,2,1.74m,0,10号,0,1991/4/11,94,蒂亚戈,http://p1.img.cctvpic.com/sports/data/playerImageB/53825.png,0,西班牙,中场
97.5,78kg,4,1.89m,1,5号,0,1988/7/16,390,布斯克茨,http://p1.img.cctvpic.com/sports/data/playerImageB/39433.png,0,西班牙,中场
43.67,76kg,3,1.82m,0,20号,0,1996/1/21,131,阿森西奥,http://p1.img.cctvpic.com/sports/data/playerImageB/361004.png,0,西班牙,中场
0,67kg,0,1.78m,0,12号,0,1995/12/14,0,奥德里奥索拉,http://p1.img.cctvpic.com/sports/data/playerImageB/353250.png,0,西班牙,后卫
97.5,85kg,4,1.94m,0,3号,0,1987/2/2,390,皮克,http://p1.img.cctvpic.com/sports/data/playerImageB/770.png,0,西班牙,后卫
0,76kg,0,1.83m,0,7号,0,1994/11/21,0,萨乌尔,http://p1.img.cctvpic.com/sports/data/playerImageB/116955.png,0,西班牙,中场
80,77kg,2,1.79m,0,4号,1,1990/1/18,160,纳乔,http://p1.img.cctvpic.com/sports/data/playerImageB/69404.png,0,西班牙,后卫
97.5,74kg,4,1.76m,0,22号,1,1992/4/21,390,伊斯科,http://p1.img.cctvpic.com/sports/data/playerImageB/103417.png,0,西班牙,中场
76.67,73kg,3,1.73m,1,2号,0,1992/1/11,230,卡瓦哈尔,http://p1.img.cctvpic.com/sports/data/playerImageB/138572.png,0,西班牙,后卫
0,78kg,0,1.78m,0,14号,0,1989/8/28,0,阿兹皮利奎塔,http://p1.img.cctvpic.com/sports/data/playerImageB/21555.png,0,西班牙,后卫
97.5,68kg,4,1.7m,0,18号,0,1989/3/21,390,阿尔巴,http://p1.img.cctvpic.com/sports/data/playerImageB/35199.png,0,西班牙,后卫
0,72kg,0,1.79m,0,16号,0,1986/2/26,0,蒙雷亚尔,http://p1.img.cctvpic.com/sports/data/playerImageB/17088.png,0,西班牙,后卫
0,84kg,0,1.89m,0,13号,0,1994/10/3,0,阿里萨巴拉加,http://p1.img.cctvpic.com/sports/data/playerImageB/232422.png,0,西班牙,守门员
97.5,71kg,4,1.9m,0,1号,0,1990/11/7,390,德赫亚,http://p1.img.cctvpic.com/sports/data/playerImageB/69378.png,0,西班牙,守门员
0,92kg,0,1.88m,0,23号,0,1982/8/31,0,雷纳,http://p1.img.cctvpic.com/sports/data/playerImageB/26937.png,0,西班牙,守门员
71,68公斤,4,1.71米,1,6号,0,1984年5月11日,284,伊涅斯塔,http://p1.img.cctvpic.com/photoAlbum/page/performance/img/2018/6/1/1527838626387_484.jpg,1,西班牙,中场
97.5,75公斤,4,1.83米,0,15号,0,1986年3月30日,390,拉莫斯,http://p1.img.cctvpic.com/photoAlbum/page/performance/img/2018/6/1/1527838645603_431.jpg,1,西班牙,后卫
9.67,79kg,3,1.77m,0,14号,0,1993/9/6,29,戈多斯,http://p1.img.cctvpic.com/sports/data/playerImageB/548050.png,0,伊朗,前锋
67.33,80kg,3,1.87m,0,17号,0,1992/7/18,202,塔雷米,http://p1.img.cctvpic.com/sports/data/playerImageB/377802.png,0,伊朗,前锋
0,78kg,0,1.81m,0,21号,0,1986/7/5,0,德贾加,http://p1.img.cctvpic.com/sports/data/playerImageB/389.png,0,伊朗,前锋
57,77kg,3,1.8m,0,18号,0,1993/8/11,171,贾汉巴赫什,http://p1.img.cctvpic.com/sports/data/playerImageB/331837.png,0,伊朗,前锋
90,80kg,3,1.86m,0,20号,0,1995/1/1,270,阿兹蒙,http://p1.img.cctvpic.com/sports/data/playerImageB/150998.png,0,伊朗,前锋
59.33,80kg,3,1.87m,0,10号,1,1990/4/3,178,卡里姆,http://p1.img.cctvpic.com/sports/data/playerImageB/144594.png,0,伊朗,前锋
0,71kg,0,1.85m,0,2号,0,1994/9/10,0,托拉比,http://p1.img.cctvpic.com/sports/data/playerImageB/820118.png,0,伊朗,中场
0,79kg,0,1.8m,0,16号,0,1987/9/20,0,古钱内贾德,http://p1.img.cctvpic.com/sports/data/playerImageB/15156.png,0,伊朗,前锋
88.67,71kg,3,1.79m,0,11号,0,1988/4/2,266,阿米里,http://p1.img.cctvpic.com/sports/data/playerImageB/790983.png,0,伊朗,中场
83,82kg,2,1.9m,0,6号,0,1996/10/1,166,阿法,http://p1.img.cctvpic.com/sports/data/playerImageB/359334.png,0,伊朗,中场
68,79kg,1,1.87m,0,7号,0,1984/6/9,68,马苏德,http://p1.img.cctvpic.com/sports/data/playerImageB/15566.png,0,伊朗,中场
86.67,75kg,3,1.78m,0,9号,0,1987/9/16,260,奥米德,http://p1.img.cctvpic.com/sports/data/playerImageB/150993.png,0,伊朗,中场
27.5,69kg,2,1.78m,0,5号,0,1993/9/29,55,穆罕迈迪,http://p1.img.cctvpic.com/sports/data/playerImageB/820138.png,0,伊朗,后卫
90,80kg,1,1.92m,0,4号,0,1993/7/24,90,切什米,http://p1.img.cctvpic.com/sports/data/playerImageB/820102.png,0,伊朗,后卫
90,75kg,3,1.85m,0,23号,0,1990/3/21,270,礼萨扬,http://p1.img.cctvpic.com/sports/data/playerImageB/790985.png,0,伊朗,后卫
90,83kg,3,1.87m,0,8号,0,1992/4/19,270,莫尔塔扎·普拉利甘吉,http://p1.img.cctvpic.com/sports/data/playerImageB/377798.png,0,伊朗,后卫
0,80kg,0,1.86m,0,13号,0,1991/5/11,0,汉扎德,http://p1.img.cctvpic.com/sports/data/playerImageB/377784.png,0,伊朗,后卫
63.33,78kg,3,1.83m,0,19号,0,1996/6/20,190,侯赛尼,http://p1.img.cctvpic.com/sports/data/playerImageB/359332.png,0,伊朗,后卫
11,77kg,1,1.85m,0,15号,0,1983/9/6,11,蒙塔泽里,http://p1.img.cctvpic.com/sports/data/playerImageB/196472.png,0,伊朗,后卫
71.67,75kg,3,1.78m,0,3号,0,1990/2/25,215,哈吉萨菲,http://p1.img.cctvpic.com/sports/data/playerImageB/137569.png,0,伊朗,后卫
0,84kg,0,1.92m,0,12号,0,1989/5/18,0,马扎赫里,http://p1.img.cctvpic.com/sports/data/playerImageB/963157.png,0,伊朗,守门员
0,80kg,0,1.86m,0,22号,0,1993/4/26,0,阿贝德扎德,http://p1.img.cctvpic.com/sports/data/playerImageB/377776.png,0,伊朗,守门员
90,85kg,3,1.94m,0,1号,0,1992/9/21,270,贝兰万德,http://p1.img.cctvpic.com/sports/data/playerImageB/377774.png,0,伊朗,守门员
98.57,72kg,7,1.85m,0,1号,0,1994/3/7,690,皮克福德,http://p1.img.cctvpic.com/sports/data/playerImageB/138530.png,0,英格兰,守门员
90,85kg,1,1.91m,0,15号,0,1985/12/19,90,卡希尔,http://p1.img.cctvpic.com/sports/data/playerImageB/9628.png,0,英格兰,后卫
90,72kg,2,1.82m,0,16号,0,1992/2/21,180,琼斯,http://p1.img.cctvpic.com/sports/data/playerImageB/93868.png,0,英格兰,后卫
79,70kg,1,1.75m,0,22号,0,1998/10/7,79,阿诺德,http://p1.img.cctvpic.com/sports/data/playerImageB/779556.png,0,英格兰,后卫
42,78kg,5,1.8m,0,19号,0,1997/10/31,210,拉什福德,http://p1.img.cctvpic.com/sports/data/playerImageB/903830.png,0,英格兰,前锋
11,78kg,1,1.84m,0,14号,0,1990/11/26,11,维尔贝克,http://p1.img.cctvpic.com/sports/data/playerImageB/33902.png,0,英格兰,前锋
39.25,80kg,4,1.78m,0,11号,0,1987/1/11,157,瓦尔迪,http://p1.img.cctvpic.com/sports/data/playerImageB/173827.png,0,英格兰,前锋
75.83,70kg,6,1.7m,1,10号,0,1994/12/8,455,斯特林,http://p1.img.cctvpic.com/sports/data/playerImageB/138534.png,0,英格兰,前锋
68.5,73kg,4,1.9m,1,21号,0,1996/1/23,274,奇克,http://p1.img.cctvpic.com/sports/data/playerImageB/284441.png,0,英格兰,中场
72.8,76kg,5,1.88m,0,20号,1,1996/4/11,364,阿里,http://p1.img.cctvpic.com/sports/data/playerImageB/198028.png,0,英格兰,中场
96.4,82kg,5,1.83m,0,8号,0,1990/6/17,482,亨德森,http://p1.img.cctvpic.com/sports/data/playerImageB/42694.png,0,英格兰,中场
88,60kg,6,1.75m,1,7号,1,1992/12/15,528,林加德,http://p1.img.cctvpic.com/sports/data/playerImageB/205508.png,0,英格兰,中场
49.4,90kg,5,1.88m,0,4号,0,1994/1/15,247,戴尔,http://p1.img.cctvpic.com/sports/data/playerImageB/146101.png,0,英格兰,中场
96.67,72kg,6,1.78m,1,12号,1,1990/9/19,580,特里皮尔,http://p1.img.cctvpic.com/sports/data/playerImageB/69256.png,0,英格兰,后卫
40.6,76kg,5,1.73m,0,3号,0,1990/7/2,203,罗斯,http://p1.img.cctvpic.com/sports/data/playerImageB/16586.png,0,英格兰,后卫
55,78kg,4,1.74m,0,17号,0,1989/11/21,220,德尔菲,http://p1.img.cctvpic.com/sports/data/playerImageB/24048.png,0,英格兰,后卫
92.14,72kg,7,1.88m,0,5号,2,1994/5/28,645,斯通斯,http://p1.img.cctvpic.com/sports/data/playerImageB/152077.png,0,英格兰,后卫
92.14,98kg,7,1.93m,1,6号,1,1993/3/5,645,马格雷,http://p1.img.cctvpic.com/sports/data/playerImageB/149380.png,0,英格兰,后卫
92.4,78kg,5,1.75m,1,18号,0,1985/7/9,462,杨,http://p1.img.cctvpic.com/sports/data/playerImageB/10589.png,0,英格兰,后卫
0,96kg,0,1.96m,0,13号,0,1993/3/10,0,巴特兰,http://p1.img.cctvpic.com/sports/data/playerImageB/98448.png,0,英格兰,守门员
0,76kg,0,1.91m,0,23号,0,1992/4/19,0,波佩,http://p1.img.cctvpic.com/sports/data/playerImageB/162653.png,0,英格兰,守门员
95.5,98公斤,6,1.88米,0,9号,6,1993年7月28日,573,凯恩,http://p1.img.cctvpic.com/photoAlbum/page/performance/img/2018/6/1/1527839128776_443.jpg,1,英格兰,前锋
99,83kg,5,1.78m,0,2号,0,1990/5/28,495,沃克,http://p1.img.cctvpic.com/sports/data/playerImageB/44614.png,0,英格兰,后卫
